TRACE_INDEX,TIMESTAMP,NumImages,ContextTokens,GeneratedTokens,SOURCE_ROW,ARRIVAL_OFFSET_S,INTER_ARRIVAL_S
0,2024-10-21T12:16:01.098Z,529,35900,45,837267,0.000000000,0.000000000
1,2024-10-21T12:16:01.108Z,1,2270,29,837268,0.010000229,0.010000229
2,2024-10-21T12:16:01.108Z,9,3818,156,837269,0.010000229,0.000000000
3,2024-10-21T12:16:01.605Z,1,1168,77,837270,0.507000208,0.496999979
4,2024-10-21T12:16:01.859Z,1,1881,32,837271,0.761000156,0.253999949
5,2024-10-21T12:16:01.966Z,9,7248,294,837272,0.868000269,0.107000113
6,2024-10-21T12:16:01.977Z,1,1930,30,837273,0.879000187,0.010999918
7,2024-10-21T12:16:02.079Z,1,1422,33,837274,0.981000185,0.101999998
8,2024-10-21T12:16:02.726Z,484,34827,47,837275,1.628000259,0.647000074
9,2024-10-21T12:16:02.829Z,1,2270,29,837276,1.731000185,0.102999926
10,2024-10-21T12:16:02.977Z,1,890,37,837277,1.879000187,0.148000002
11,2024-10-21T12:16:03.211Z,484,34827,43,837278,2.113000154,0.233999968
12,2024-10-21T12:16:03.461Z,1,1832,36,837279,2.363000154,0.250000000
13,2024-10-21T12:16:03.477Z,441,33722,51,837280,2.379000187,0.016000032
14,2024-10-21T12:16:03.713Z,9,3909,262,837281,2.615000010,0.235999823
15,2024-10-21T12:16:04.068Z,1,1810,28,837282,2.970000267,0.355000257
16,2024-10-21T12:16:04.225Z,0,975,128,837283,3.127000093,0.156999826
17,2024-10-21T12:16:04.225Z,1,1281,191,837284,3.127000093,0.000000000
18,2024-10-21T12:16:04.268Z,1,1837,29,837285,3.170000076,0.042999983
19,2024-10-21T12:16:04.464Z,0,820,72,837286,3.366000175,0.196000099
20,2024-10-21T12:16:04.709Z,4,3921,94,837287,3.611000061,0.244999886
21,2024-10-21T12:16:04.725Z,4,4104,89,837288,3.627000093,0.016000032
22,2024-10-21T12:16:04.816Z,1,1240,4,837289,3.718000174,0.091000080
23,2024-10-21T12:16:05.014Z,441,33722,60,837290,3.916000366,0.198000193
24,2024-10-21T12:16:05.018Z,0,243,229,837291,3.920000076,0.003999710
25,2024-10-21T12:16:05.333Z,16,4556,121,837292,4.235000134,0.315000057
26,2024-10-21T12:16:05.458Z,0,921,122,837293,4.360000134,0.125000000
27,2024-10-21T12:16:05.459Z,1,1139,115,837294,4.361000299,0.001000166
28,2024-10-21T12:16:05.475Z,1,1139,122,837295,4.377000332,0.016000032
29,2024-10-21T12:16:05.475Z,1,4200,128,837296,4.377000332,0.000000000
30,2024-10-21T12:16:05.515Z,1,2270,29,837297,4.417000294,0.039999962
31,2024-10-21T12:16:05.816Z,49,11708,69,837298,4.718000174,0.300999880
32,2024-10-21T12:16:05.961Z,9,3845,119,837299,4.863000154,0.144999981
33,2024-10-21T12:16:06.263Z,9,3849,83,837300,5.165000200,0.302000046
34,2024-10-21T12:16:06.265Z,400,31512,54,837301,5.167000055,0.001999855
35,2024-10-21T12:16:06.296Z,1,2270,29,837302,5.198000193,0.031000137
36,2024-10-21T12:16:06.477Z,1,1260,198,837303,5.379000187,0.180999994
37,2024-10-21T12:16:06.838Z,0,617,324,837304,5.740000248,0.361000061
38,2024-10-21T12:16:06.850Z,16,5244,80,837305,5.752000093,0.011999846
39,2024-10-21T12:16:07.457Z,4,2682,344,837306,6.359000206,0.607000113
40,2024-10-21T12:16:07.515Z,0,1628,61,837307,6.417000294,0.058000088
41,2024-10-21T12:16:07.852Z,1,284,1,837308,6.754000187,0.336999893
42,2024-10-21T12:16:07.978Z,25,6949,237,837309,6.880000114,0.125999928
43,2024-10-21T12:16:07.978Z,1,1858,511,837310,6.880000114,0.000000000
44,2024-10-21T12:16:08.360Z,0,135,15,837311,7.262000084,0.381999969
45,2024-10-21T12:16:08.514Z,1,386,397,837312,7.416000128,0.154000044
46,2024-10-21T12:16:08.515Z,49,11708,126,837313,7.417000294,0.001000166
47,2024-10-21T12:16:08.587Z,1,1248,214,837314,7.489000320,0.072000027
48,2024-10-21T12:16:08.714Z,576,36838,826,837315,7.616000175,0.126999855
49,2024-10-21T12:16:08.770Z,1,386,176,837316,7.672000170,0.055999994
50,2024-10-21T12:16:09.017Z,1,1139,87,837317,7.919000149,0.246999979
51,2024-10-21T12:16:09.209Z,25,8184,398,837318,8.111000061,0.191999912
52,2024-10-21T12:16:09.228Z,1,1369,246,837319,8.130000114,0.019000053
53,2024-10-21T12:16:10.208Z,1,1139,90,837320,9.110000134,0.980000019
54,2024-10-21T12:16:10.228Z,1,890,39,837321,9.130000114,0.019999981
55,2024-10-21T12:16:10.264Z,4,3427,221,837322,9.166000128,0.036000013
56,2024-10-21T12:16:10.313Z,484,34827,48,837323,9.215000153,0.049000025
57,2024-10-21T12:16:10.331Z,1,776,2,837324,9.233000278,0.018000126
58,2024-10-21T12:16:10.509Z,1,1139,82,837325,9.411000013,0.177999735
59,2024-10-21T12:16:10.712Z,0,871,15,837326,9.614000082,0.203000069
60,2024-10-21T12:16:11.006Z,9,4873,98,837327,9.908000231,0.294000149
61,2024-10-21T12:16:11.210Z,16,5553,91,837328,10.111999989,0.203999758
62,2024-10-21T12:16:11.539Z,0,5392,113,837329,10.441000223,0.329000235
63,2024-10-21T12:16:12.017Z,1,921,29,837330,10.919000149,0.477999926
64,2024-10-21T12:16:12.265Z,9,3848,114,837331,11.167000055,0.247999907
65,2024-10-21T12:16:12.266Z,1,285,2,837332,11.167999983,0.000999928
66,2024-10-21T12:16:12.317Z,0,1361,152,837333,11.219000101,0.051000118
67,2024-10-21T12:16:12.458Z,49,11228,359,837334,11.360000134,0.141000032
68,2024-10-21T12:16:12.582Z,9,4206,212,837335,11.484000206,0.124000072
69,2024-10-21T12:16:12.633Z,1,1422,36,837336,11.535000086,0.050999880
70,2024-10-21T12:16:12.817Z,1,1051,17,837337,11.719000101,0.184000015
71,2024-10-21T12:16:13.023Z,1,2270,29,837338,11.925000191,0.206000090
72,2024-10-21T12:16:13.100Z,4,4324,88,837339,12.002000093,0.076999903
73,2024-10-21T12:16:13.266Z,1,1526,354,837340,12.167999983,0.165999889
74,2024-10-21T12:16:14.265Z,16,6068,285,837341,13.167000055,0.999000072
75,2024-10-21T12:16:14.319Z,49,11677,112,837342,13.221000195,0.054000139
76,2024-10-21T12:16:14.521Z,0,950,1,837343,13.423000097,0.201999903
77,2024-10-21T12:16:14.580Z,1,1136,52,837344,13.482000113,0.059000015
78,2024-10-21T12:16:14.764Z,1,1139,84,837345,13.666000128,0.184000015
79,2024-10-21T12:16:14.818Z,16,4565,199,837346,13.720000029,0.053999901
80,2024-10-21T12:16:15.210Z,1,1139,84,837347,14.111999989,0.391999960
81,2024-10-21T12:16:15.258Z,1,1683,59,837348,14.160000086,0.048000097
82,2024-10-21T12:16:15.355Z,4,2819,400,837349,14.257000208,0.097000122
83,2024-10-21T12:16:15.760Z,1,777,2,837350,14.662000179,0.404999971
84,2024-10-21T12:16:15.772Z,0,151,19,837351,14.674000263,0.012000084
85,2024-10-21T12:16:16.015Z,1,1576,407,837352,14.917000294,0.243000031
86,2024-10-21T12:16:16.133Z,4,3208,62,837353,15.035000086,0.117999792
87,2024-10-21T12:16:16.211Z,1,1202,139,837354,15.113000154,0.078000069
88,2024-10-21T12:16:16.265Z,9,7248,300,837355,15.167000055,0.053999901
89,2024-10-21T12:16:16.416Z,1,2270,29,837356,15.318000078,0.151000023
90,2024-10-21T12:16:16.726Z,4,3208,58,837357,15.628000259,0.310000181
91,2024-10-21T12:16:16.770Z,0,133,32,837358,15.672000170,0.043999910
92,2024-10-21T12:16:16.917Z,1,921,22,837359,15.819000006,0.146999836
93,2024-10-21T12:16:17.012Z,4,4142,88,837360,15.914000273,0.095000267
94,2024-10-21T12:16:17.012Z,9,4054,78,837361,15.914000273,0.000000000
95,2024-10-21T12:16:17.072Z,16,5913,289,837362,15.974000216,0.059999943
96,2024-10-21T12:16:17.098Z,1,1762,191,837363,16.000000000,0.025999784
97,2024-10-21T12:16:17.329Z,144,17835,380,837364,16.231000185,0.231000185
98,2024-10-21T12:16:17.383Z,196,22672,78,837365,16.285000324,0.054000139
99,2024-10-21T12:16:17.484Z,441,33722,39,837366,16.386000156,0.100999832
100,2024-10-21T12:16:17.511Z,4,4404,92,837367,16.413000345,0.027000189
101,2024-10-21T12:16:17.818Z,9,3950,319,837368,16.720000029,0.306999683
102,2024-10-21T12:16:17.829Z,25,7749,135,837369,16.731000185,0.011000156
103,2024-10-21T12:16:17.959Z,1,1471,201,837370,16.861000299,0.130000114
104,2024-10-21T12:16:18.098Z,9,3792,246,837371,17.000000000,0.138999701
105,2024-10-21T12:16:18.383Z,1,890,44,837372,17.285000324,0.285000324
106,2024-10-21T12:16:18.762Z,4,3988,96,837373,17.664000034,0.378999710
107,2024-10-21T12:16:18.830Z,1,1148,156,837374,17.732000351,0.068000317
108,2024-10-21T12:16:18.920Z,9,4908,66,837375,17.822000265,0.089999914
109,2024-10-21T12:16:19.011Z,1,1859,8,837376,17.913000345,0.091000080
110,2024-10-21T12:16:19.012Z,4,4189,89,837377,17.914000273,0.000999928
111,2024-10-21T12:16:19.081Z,25,7579,100,837378,17.983000040,0.068999767
112,2024-10-21T12:16:19.329Z,1,1139,91,837379,18.231000185,0.248000145
113,2024-10-21T12:16:19.819Z,49,11228,371,837380,18.721000195,0.490000010
114,2024-10-21T12:16:19.916Z,1,890,49,837381,18.818000078,0.096999884
115,2024-10-21T12:16:20.133Z,1,1139,98,837382,19.035000086,0.217000008
116,2024-10-21T12:16:20.261Z,1,921,42,837383,19.163000107,0.128000021
117,2024-10-21T12:16:20.886Z,0,759,358,837384,19.788000345,0.625000238
118,2024-10-21T12:16:21.081Z,9,3943,318,837385,19.983000040,0.194999695
119,2024-10-21T12:16:21.099Z,1,386,362,837386,20.001000166,0.018000126
120,2024-10-21T12:16:21.107Z,25,7964,87,837387,20.009000301,0.008000135
121,2024-10-21T12:16:21.165Z,4,4158,84,837388,20.067000151,0.057999849
122,2024-10-21T12:16:21.259Z,484,34827,68,837389,20.161000252,0.094000101
123,2024-10-21T12:16:21.415Z,0,991,85,837390,20.317000151,0.155999899
124,2024-10-21T12:16:21.760Z,144,17835,283,837391,20.662000179,0.345000029
125,2024-10-21T12:16:21.788Z,529,35932,48,837392,20.690000296,0.028000116
126,2024-10-21T12:16:21.858Z,9,4568,90,837393,20.759999990,0.069999695
127,2024-10-21T12:16:21.919Z,9,4873,104,837394,20.821000338,0.061000347
128,2024-10-21T12:16:22.165Z,1,4713,186,837395,21.067000151,0.245999813
129,2024-10-21T12:16:22.211Z,144,17835,271,837396,21.113000154,0.046000004
130,2024-10-21T12:16:22.257Z,49,11673,98,837397,21.159000158,0.046000004
131,2024-10-21T12:16:22.333Z,1,1930,29,837398,21.235000134,0.075999975
132,2024-10-21T12:16:22.355Z,4,3208,64,837399,21.257000208,0.022000074
133,2024-10-21T12:16:23.013Z,1,3101,403,837400,21.915000200,0.657999992
134,2024-10-21T12:16:23.115Z,0,55,2,837401,22.017000198,0.101999998
135,2024-10-21T12:16:23.134Z,1,1208,7,837402,22.036000252,0.019000053
136,2024-10-21T12:16:23.420Z,0,2010,195,837403,22.322000265,0.286000013
137,2024-10-21T12:16:23.581Z,1,1406,197,837404,22.483000040,0.160999775
138,2024-10-21T12:16:23.581Z,1,890,32,837405,22.483000040,0.000000000
139,2024-10-21T12:16:23.608Z,9,3855,104,837406,22.510000229,0.027000189
140,2024-10-21T12:16:23.962Z,9,3942,322,837407,22.864000082,0.353999853
141,2024-10-21T12:16:24.510Z,9,3848,77,837408,23.412000418,0.548000336
142,2024-10-21T12:16:24.580Z,1,386,336,837409,23.482000113,0.069999695
143,2024-10-21T12:16:25.318Z,1,1654,162,837410,24.220000267,0.738000154
144,2024-10-21T12:16:25.508Z,1,2270,29,837411,24.410000086,0.189999819
145,2024-10-21T12:16:25.511Z,1,1975,470,837412,24.413000345,0.003000259
146,2024-10-21T12:16:25.511Z,1,2849,471,837413,24.413000345,0.000000000
147,2024-10-21T12:16:25.519Z,441,32617,62,837414,24.421000242,0.007999897
148,2024-10-21T12:16:25.914Z,0,1177,719,837415,24.815999985,0.394999743
149,2024-10-21T12:16:25.915Z,16,4562,143,837416,24.817000151,0.001000166
150,2024-10-21T12:16:25.977Z,4,4193,97,837417,24.879000187,0.062000036
151,2024-10-21T12:16:26.013Z,1,4218,141,837418,24.915000200,0.036000013
152,2024-10-21T12:16:26.081Z,1,1139,89,837419,24.983000040,0.067999840
153,2024-10-21T12:16:26.107Z,1,1139,87,837420,25.009000301,0.026000261
154,2024-10-21T12:16:26.257Z,9,3940,311,837421,25.159000158,0.149999857
155,2024-10-21T12:16:26.257Z,1,890,25,837422,25.159000158,0.000000000
156,2024-10-21T12:16:26.762Z,1,2270,29,837423,25.664000034,0.504999876
157,2024-10-21T12:16:27.015Z,9,4908,92,837424,25.917000294,0.253000259
158,2024-10-21T12:16:27.066Z,0,132,11,837425,25.968000174,0.050999880
159,2024-10-21T12:16:27.066Z,36,8563,8,837426,25.968000174,0.000000000
160,2024-10-21T12:16:27.269Z,49,11708,80,837427,26.171000242,0.203000069
161,2024-10-21T12:16:27.269Z,529,35932,47,837428,26.171000242,0.000000000
162,2024-10-21T12:16:27.348Z,1,3042,546,837429,26.250000238,0.078999996
163,2024-10-21T12:16:27.384Z,1,386,268,837430,26.286000252,0.036000013
164,2024-10-21T12:16:27.459Z,400,31512,46,837431,26.361000299,0.075000048
165,2024-10-21T12:16:27.535Z,1,1572,99,837432,26.437000275,0.075999975
166,2024-10-21T12:16:27.598Z,1,2483,562,837433,26.500000238,0.062999964
167,2024-10-21T12:16:27.756Z,1,1540,80,837434,26.658000231,0.157999992
168,2024-10-21T12:16:27.785Z,0,606,273,837435,26.687000036,0.028999805
169,2024-10-21T12:16:27.919Z,9,3910,329,837436,26.821000338,0.134000301
170,2024-10-21T12:16:28.110Z,0,453,54,837437,27.012000322,0.190999985
171,2024-10-21T12:16:28.262Z,1,2135,550,837438,27.164000273,0.151999950
172,2024-10-21T12:16:28.271Z,9,4734,100,837439,27.173000336,0.009000063
173,2024-10-21T12:16:28.329Z,1,1757,488,837440,27.231000185,0.057999849
174,2024-10-21T12:16:28.726Z,484,34795,46,837441,27.628000259,0.397000074
175,2024-10-21T12:16:29.080Z,1,2057,540,837442,27.982000113,0.353999853
176,2024-10-21T12:16:29.164Z,1,1540,98,837443,28.066000223,0.084000111
177,2024-10-21T12:16:29.263Z,1,2482,586,837444,28.165000200,0.098999977
178,2024-10-21T12:16:29.329Z,9,3944,367,837445,28.231000185,0.065999985
179,2024-10-21T12:16:29.541Z,0,751,25,837446,28.443000078,0.211999893
180,2024-10-21T12:16:29.581Z,1,2504,536,837447,28.483000040,0.039999962
181,2024-10-21T12:16:29.710Z,1,1939,430,837448,28.612000227,0.129000187
182,2024-10-21T12:16:29.849Z,1,3423,622,837449,28.751000166,0.138999939
183,2024-10-21T12:16:30.015Z,1,1227,263,837450,28.917000294,0.166000128
184,2024-10-21T12:16:30.081Z,1,2448,543,837451,28.983000040,0.065999746
185,2024-10-21T12:16:30.099Z,0,2024,38,837452,29.001000166,0.018000126
186,2024-10-21T12:16:30.329Z,1,7174,543,837453,29.231000185,0.230000019
187,2024-10-21T12:16:30.464Z,1,4630,455,837454,29.366000175,0.134999990
188,2024-10-21T12:16:30.570Z,1,4056,586,837455,29.472000122,0.105999947
189,2024-10-21T12:16:30.634Z,4,2460,295,837456,29.536000013,0.063999891
190,2024-10-21T12:16:30.834Z,1,3274,583,837457,29.736000061,0.200000048
191,2024-10-21T12:16:30.834Z,1,3373,566,837458,29.736000061,0.000000000
192,2024-10-21T12:16:31.350Z,1,2582,674,837459,30.252000332,0.516000271
193,2024-10-21T12:16:31.581Z,1,2573,595,837460,30.483000040,0.230999708
194,2024-10-21T12:16:31.582Z,1,4470,595,837461,30.484000206,0.001000166
195,2024-10-21T12:16:31.598Z,1,3358,699,837462,30.500000238,0.016000032
196,2024-10-21T12:16:31.599Z,1,2825,704,837463,30.501000166,0.000999928
197,2024-10-21T12:16:31.729Z,1,1430,156,837464,30.631000042,0.129999876
198,2024-10-21T12:16:31.729Z,1,1422,17,837465,30.631000042,0.000000000
199,2024-10-21T12:16:31.829Z,1,2293,631,837466,30.731000185,0.100000143
200,2024-10-21T12:16:31.829Z,1,2029,602,837467,30.731000185,0.000000000
201,2024-10-21T12:16:32.264Z,1,2104,603,837468,31.166000128,0.434999943
202,2024-10-21T12:16:32.272Z,9,3823,128,837469,31.174000263,0.008000135
203,2024-10-21T12:16:32.329Z,1,2772,639,837470,31.231000185,0.056999922
204,2024-10-21T12:16:32.331Z,1,1795,626,837471,31.233000278,0.002000093
205,2024-10-21T12:16:32.463Z,1,2183,511,837472,31.365000248,0.131999969
206,2024-10-21T12:16:32.518Z,25,7676,108,837473,31.420000315,0.055000067
207,2024-10-21T12:16:32.588Z,0,2363,917,837474,31.490000248,0.069999933
208,2024-10-21T12:16:32.712Z,1,2850,512,837475,31.614000082,0.123999834
209,2024-10-21T12:16:32.730Z,4,4136,86,837476,31.631999969,0.017999887
210,2024-10-21T12:16:32.763Z,1,1425,348,837477,31.665000200,0.033000231
211,2024-10-21T12:16:32.763Z,1,1537,495,837478,31.665000200,0.000000000
212,2024-10-21T12:16:32.979Z,400,31512,52,837479,31.881000280,0.216000080
213,2024-10-21T12:16:33.214Z,4,2865,227,837480,32.116000414,0.235000134
214,2024-10-21T12:16:33.256Z,1,2275,360,837481,32.158000231,0.041999817
215,2024-10-21T12:16:33.295Z,1,2119,621,837482,32.197000265,0.039000034
216,2024-10-21T12:16:33.331Z,1,2913,625,837483,32.233000278,0.036000013
217,2024-10-21T12:16:33.585Z,9,4058,281,837484,32.487000227,0.253999949
218,2024-10-21T12:16:34.085Z,1,7145,694,837485,32.987000227,0.500000000
219,2024-10-21T12:16:34.315Z,1,1139,77,837486,33.217000246,0.230000019
220,2024-10-21T12:16:34.315Z,1,4206,182,837487,33.217000246,0.000000000
221,2024-10-21T12:16:34.508Z,1,1724,497,837488,33.410000086,0.192999840
222,2024-10-21T12:16:34.756Z,49,11228,231,837489,33.658000231,0.248000145
223,2024-10-21T12:16:34.819Z,1,3087,616,837490,33.721000195,0.062999964
224,2024-10-21T12:16:34.834Z,1,1915,32,837491,33.736000061,0.014999866
225,2024-10-21T12:16:35.100Z,1,5277,816,837492,34.002000093,0.266000032
226,2024-10-21T12:16:35.215Z,1,2307,643,837493,34.117000341,0.115000248
227,2024-10-21T12:16:35.266Z,1,2568,678,837494,34.167999983,0.050999641
228,2024-10-21T12:16:35.334Z,1,6206,710,837495,34.236000299,0.068000317
229,2024-10-21T12:16:35.478Z,1,1594,120,837496,34.380000353,0.144000053
230,2024-10-21T12:16:35.546Z,1,4347,691,837497,34.447999954,0.067999601
231,2024-10-21T12:16:35.562Z,1,1139,102,837498,34.463999987,0.016000032
232,2024-10-21T12:16:35.562Z,1,1772,32,837499,34.463999987,0.000000000
233,2024-10-21T12:16:35.583Z,1,1928,590,837500,34.485000372,0.021000385
234,2024-10-21T12:16:35.832Z,1,4575,735,837501,34.734000206,0.248999834
235,2024-10-21T12:16:36.261Z,1,2774,620,837502,35.163000107,0.428999901
236,2024-10-21T12:16:36.293Z,9,3355,244,837503,35.195000172,0.032000065
237,2024-10-21T12:16:36.319Z,1,4222,636,837504,35.221000195,0.026000023
238,2024-10-21T12:16:36.582Z,1,2818,747,837505,35.484000206,0.263000011
239,2024-10-21T12:16:36.583Z,1,2801,770,837506,35.485000372,0.001000166
240,2024-10-21T12:16:36.583Z,1,4525,801,837507,35.485000372,0.000000000
241,2024-10-21T12:16:36.766Z,1,2339,629,837508,35.668000221,0.182999849
242,2024-10-21T12:16:37.085Z,1,8521,756,837509,35.987000227,0.319000006
243,2024-10-21T12:16:37.216Z,1,2635,700,837510,36.118000269,0.131000042
244,2024-10-21T12:16:37.320Z,1,2089,635,837511,36.222000122,0.103999853
245,2024-10-21T12:16:37.353Z,1,3174,527,837512,36.255000114,0.032999992
246,2024-10-21T12:16:37.459Z,1,2210,588,837513,36.361000299,0.106000185
247,2024-10-21T12:16:37.507Z,1,1836,557,837514,36.409000158,0.047999859
248,2024-10-21T12:16:37.573Z,1,3135,653,837515,36.475000143,0.065999985
249,2024-10-21T12:16:37.712Z,1,2248,583,837516,36.614000082,0.138999939
250,2024-10-21T12:16:37.729Z,1,1180,215,837517,36.631000042,0.016999960
251,2024-10-21T12:16:37.756Z,1,1460,29,837518,36.658000231,0.027000189
252,2024-10-21T12:16:37.811Z,1,1171,80,837519,36.713000298,0.055000067
253,2024-10-21T12:16:37.961Z,1,3354,718,837520,36.863000154,0.149999857
254,2024-10-21T12:16:37.962Z,1,3661,705,837521,36.864000082,0.000999928
255,2024-10-21T12:16:38.007Z,0,2788,301,837522,36.909000158,0.045000076
256,2024-10-21T12:16:38.073Z,1,3095,655,837523,36.975000143,0.065999985
257,2024-10-21T12:16:38.111Z,0,327,25,837524,37.013000250,0.038000107
258,2024-10-21T12:16:38.256Z,4,2803,407,837525,37.158000231,0.144999981
259,2024-10-21T12:16:38.357Z,1,2566,515,837526,37.259000063,0.100999832
260,2024-10-21T12:16:39.857Z,1,1782,580,837527,38.759000063,1.500000000
261,2024-10-21T12:16:39.962Z,1,2520,663,837528,38.864000082,0.105000019
262,2024-10-21T12:16:40.036Z,1,3973,839,837529,38.938000202,0.074000120
263,2024-10-21T12:16:40.104Z,1,2068,577,837530,39.006000280,0.068000078
264,2024-10-21T12:16:40.355Z,1,1780,590,837531,39.257000208,0.250999928
265,2024-10-21T12:16:41.478Z,441,33722,61,837532,40.380000353,1.123000145
266,2024-10-21T12:16:41.730Z,1,386,386,837533,40.631999969,0.251999617
267,2024-10-21T12:16:41.763Z,1,2704,786,837534,40.665000200,0.033000231
268,2024-10-21T12:16:41.857Z,1,4383,640,837535,40.759000063,0.093999863
269,2024-10-21T12:16:42.262Z,1,2135,770,837536,41.164000273,0.405000210
270,2024-10-21T12:16:42.321Z,1,2412,681,837537,41.223000050,0.058999777
271,2024-10-21T12:16:42.708Z,1,4453,602,837538,41.610000134,0.387000084
272,2024-10-21T12:16:42.862Z,0,3612,292,837539,41.764000416,0.154000282
273,2024-10-21T12:16:43.353Z,1,2571,689,837540,42.255000114,0.490999699
274,2024-10-21T12:16:43.507Z,1,5169,587,837541,42.409000158,0.154000044
275,2024-10-21T12:16:43.512Z,1,7113,818,837542,42.414000273,0.005000114
276,2024-10-21T12:16:43.512Z,1,3344,830,837543,42.414000273,0.000000000
277,2024-10-21T12:16:43.756Z,1,1983,592,837544,42.658000231,0.243999958
278,2024-10-21T12:16:44.257Z,1,608,70,837545,43.159000158,0.500999928
279,2024-10-21T12:16:44.510Z,1,5202,595,837546,43.412000418,0.253000259
280,2024-10-21T12:16:44.570Z,1,9502,745,837547,43.472000122,0.059999704
281,2024-10-21T12:16:44.761Z,1,2512,857,837548,43.663000107,0.190999985
282,2024-10-21T12:16:44.764Z,1,2634,882,837549,43.666000128,0.003000021
283,2024-10-21T12:16:44.855Z,0,1584,781,837550,43.757000208,0.091000080
284,2024-10-21T12:16:44.964Z,1,1936,548,837551,43.866000175,0.108999968
285,2024-10-21T12:16:45.011Z,0,3962,60,837552,43.913000345,0.047000170
286,2024-10-21T12:16:45.043Z,0,1601,664,837553,43.945000172,0.031999826
287,2024-10-21T12:16:45.212Z,1,3514,831,837554,44.114000082,0.168999910
288,2024-10-21T12:16:45.353Z,1,3196,754,837555,44.255000114,0.141000032
289,2024-10-21T12:16:45.506Z,1,1858,645,837556,44.407999992,0.152999878
290,2024-10-21T12:16:46.106Z,1,8733,764,837557,45.008000135,0.600000143
291,2024-10-21T12:16:46.214Z,1,3115,584,837558,45.116000414,0.108000278
292,2024-10-21T12:16:46.215Z,1,2107,594,837559,45.117000341,0.000999928
293,2024-10-21T12:16:46.241Z,0,1911,627,837560,45.143000126,0.025999784
294,2024-10-21T12:16:46.603Z,1,3348,783,837561,45.505000353,0.362000227
295,2024-10-21T12:16:47.258Z,1,386,153,837562,46.160000086,0.654999733
296,2024-10-21T12:16:47.475Z,1,3520,615,837563,46.377000332,0.217000246
297,2024-10-21T12:16:47.475Z,1,4475,560,837564,46.377000332,0.000000000
298,2024-10-21T12:16:47.511Z,1,5148,694,837565,46.413000345,0.036000013
299,2024-10-21T12:16:47.636Z,1,3494,529,837566,46.538000107,0.124999762
300,2024-10-21T12:16:47.711Z,1,3313,640,837567,46.613000154,0.075000048
301,2024-10-21T12:16:48.136Z,49,11228,259,837568,47.038000107,0.424999952
302,2024-10-21T12:16:48.212Z,1,2316,651,837569,47.114000082,0.075999975
303,2024-10-21T12:16:48.512Z,1,5504,719,837570,47.414000273,0.300000191
304,2024-10-21T12:16:48.725Z,1,2328,604,837571,47.627000093,0.212999821
305,2024-10-21T12:16:48.726Z,0,156,14,837572,47.628000259,0.001000166
306,2024-10-21T12:16:48.726Z,1,2898,654,837573,47.628000259,0.000000000
307,2024-10-21T12:16:48.890Z,9,3886,248,837574,47.792000055,0.163999796
308,2024-10-21T12:16:48.891Z,1,3093,567,837575,47.793000221,0.001000166
309,2024-10-21T12:16:49.212Z,1,3006,685,837576,48.114000082,0.320999861
310,2024-10-21T12:16:49.225Z,1,2584,621,837577,48.127000093,0.013000011
311,2024-10-21T12:16:49.462Z,1,2949,683,837578,48.364000320,0.237000227
312,2024-10-21T12:16:49.478Z,1,3092,682,837579,48.380000353,0.016000032
313,2024-10-21T12:16:49.562Z,9,3810,267,837580,48.463999987,0.083999634
314,2024-10-21T12:16:49.654Z,1,2530,588,837581,48.556000233,0.092000246
315,2024-10-21T12:16:49.726Z,1,2364,638,837582,48.628000259,0.072000027
316,2024-10-21T12:16:49.726Z,1,1139,90,837583,48.628000259,0.000000000
317,2024-10-21T12:16:49.761Z,1,2548,720,837584,48.663000107,0.034999847
318,2024-10-21T12:16:49.761Z,1,3030,739,837585,48.663000107,0.000000000
319,2024-10-21T12:16:49.961Z,0,798,8,837586,48.863000154,0.200000048
320,2024-10-21T12:16:49.979Z,1,3067,647,837587,48.881000280,0.018000126
321,2024-10-21T12:16:49.979Z,1,3448,646,837588,48.881000280,0.000000000
322,2024-10-21T12:16:50.961Z,1,2909,738,837589,49.863000154,0.981999874
323,2024-10-21T12:16:51.014Z,1,2341,608,837590,49.916000366,0.053000212
324,2024-10-21T12:16:51.070Z,0,144,13,837591,49.972000360,0.055999994
325,2024-10-21T12:16:51.215Z,1,2632,793,837592,50.117000341,0.144999981
326,2024-10-21T12:16:51.475Z,1,2266,695,837593,50.377000332,0.259999990
327,2024-10-21T12:16:51.518Z,1,2524,602,837594,50.420000315,0.042999983
328,2024-10-21T12:16:52.210Z,0,3289,41,837595,51.111999989,0.691999674
329,2024-10-21T12:16:52.257Z,1,2782,769,837596,51.159000158,0.047000170
330,2024-10-21T12:16:52.267Z,1,664,1254,837597,51.169000149,0.009999990
331,2024-10-21T12:16:52.726Z,1,2044,742,837598,51.628000259,0.459000111
332,2024-10-21T12:16:52.962Z,0,150,19,837599,51.864000082,0.235999823
333,2024-10-21T12:16:52.981Z,1,2068,754,837600,51.883000135,0.019000053
334,2024-10-21T12:16:53.229Z,1,3907,759,837601,52.131000042,0.247999907
335,2024-10-21T12:16:53.229Z,9,3716,268,837602,52.131000042,0.000000000
336,2024-10-21T12:16:53.386Z,1,2165,659,837603,52.288000107,0.157000065
337,2024-10-21T12:16:53.757Z,1,3568,782,837604,52.659000158,0.371000051
338,2024-10-21T12:16:53.886Z,49,11228,356,837605,52.788000345,0.129000187
339,2024-10-21T12:16:53.886Z,1,3810,650,837606,52.788000345,0.000000000
340,2024-10-21T12:16:53.980Z,1,4761,838,837607,52.882000208,0.093999863
341,2024-10-21T12:16:54.134Z,1,4342,673,837608,53.036000252,0.154000044
342,2024-10-21T12:16:55.524Z,1,2876,552,837609,54.426000118,1.389999866
343,2024-10-21T12:16:55.524Z,1,2019,534,837610,54.426000118,0.000000000
344,2024-10-21T12:16:55.563Z,289,24258,320,837611,54.465000153,0.039000034
345,2024-10-21T12:16:55.634Z,1,2373,718,837612,54.536000013,0.070999861
346,2024-10-21T12:16:56.022Z,1,2369,573,837613,54.924000263,0.388000250
347,2024-10-21T12:16:56.521Z,1,4208,574,837614,55.423000097,0.498999834
348,2024-10-21T12:16:56.634Z,1,3011,739,837615,55.536000013,0.112999916
349,2024-10-21T12:16:56.772Z,1,2411,592,837616,55.674000263,0.138000250
350,2024-10-21T12:16:57.273Z,1,10000,599,837617,56.175000191,0.500999928
351,2024-10-21T12:16:57.384Z,1,3023,760,837618,56.286000252,0.111000061
352,2024-10-21T12:16:57.523Z,1,1946,604,837619,56.425000191,0.138999939
353,2024-10-21T12:16:57.636Z,1,2147,744,837620,56.538000107,0.112999916
354,2024-10-21T12:16:57.918Z,1,2381,433,837621,56.820000410,0.282000303
355,2024-10-21T12:16:57.986Z,1,4819,478,837622,56.888000011,0.067999601
356,2024-10-21T12:16:58.022Z,1,2184,618,837623,56.924000263,0.036000252
357,2024-10-21T12:16:58.415Z,1,1664,387,837624,57.317000151,0.392999887
358,2024-10-21T12:16:58.772Z,1,2527,659,837625,57.674000263,0.357000113
359,2024-10-21T12:16:58.772Z,1,3278,649,837626,57.674000263,0.000000000
360,2024-10-21T12:16:58.892Z,1,2972,788,837627,57.794000149,0.119999886
361,2024-10-21T12:16:59.023Z,1,2542,661,837628,57.925000191,0.131000042
362,2024-10-21T12:16:59.024Z,1,1998,671,837629,57.926000118,0.000999928
363,2024-10-21T12:16:59.163Z,1,1423,429,837630,58.065000296,0.139000177
364,2024-10-21T12:16:59.261Z,0,1246,100,837631,58.163000107,0.097999811
365,2024-10-21T12:17:00.732Z,1,2236,657,837632,59.634000301,1.471000195
366,2024-10-21T12:17:00.775Z,1,2386,733,837633,59.677000284,0.042999983
367,2024-10-21T12:17:01.891Z,1,4792,862,837634,60.793000221,1.115999937
368,2024-10-21T12:17:02.635Z,1,7995,861,837635,61.537000179,0.743999958
369,2024-10-21T12:17:02.888Z,1,21867,867,837636,61.790000200,0.253000021
370,2024-10-21T12:17:03.009Z,0,487,186,837637,61.911000013,0.120999813
371,2024-10-21T12:17:05.163Z,9,4762,663,837638,64.065000296,2.154000282
372,2024-10-21T12:17:05.663Z,1,3677,590,837639,64.565000296,0.500000000
373,2024-10-21T12:17:05.758Z,1,3329,946,837640,64.660000324,0.095000029
374,2024-10-21T12:17:05.990Z,0,152,20,837641,64.892000198,0.231999874
375,2024-10-21T12:17:06.009Z,4,3019,437,837642,64.911000013,0.018999815
376,2024-10-21T12:17:06.261Z,0,203,21,837643,65.163000107,0.252000093
377,2024-10-21T12:17:06.571Z,0,858,114,837644,65.473000288,0.310000181
378,2024-10-21T12:17:06.890Z,1,2377,672,837645,65.792000055,0.318999767
379,2024-10-21T12:17:07.916Z,1,2439,647,837646,66.818000078,1.026000023
380,2024-10-21T12:17:08.413Z,1,3406,649,837647,67.315000057,0.496999979
381,2024-10-21T12:17:09.165Z,1,2480,659,837648,68.067000151,0.752000093
382,2024-10-21T12:17:09.416Z,1,2422,670,837649,68.318000078,0.250999928
383,2024-10-21T12:17:09.665Z,1,2636,677,837650,68.567000151,0.249000072
384,2024-10-21T12:17:09.715Z,0,130,16,837651,68.617000341,0.050000191
385,2024-10-21T12:17:10.010Z,1,2168,693,837652,68.912000179,0.294999838
386,2024-10-21T12:17:10.413Z,1,3643,689,837653,69.315000057,0.402999878
387,2024-10-21T12:17:10.810Z,0,155,6,837654,69.712000132,0.397000074
388,2024-10-21T12:17:10.915Z,1,3047,707,837655,69.817000151,0.105000019
389,2024-10-21T12:17:11.583Z,0,451,67,837656,70.485000372,0.668000221
390,2024-10-21T12:17:11.729Z,0,1094,81,837657,70.631000042,0.145999670
391,2024-10-21T12:17:11.914Z,1,2831,721,837658,70.815999985,0.184999943
392,2024-10-21T12:17:12.262Z,1,386,1418,837659,71.164000273,0.348000288
393,2024-10-21T12:17:12.664Z,1,2163,752,837660,71.566000223,0.401999950
394,2024-10-21T12:17:12.837Z,0,1456,100,837661,71.739000082,0.172999859
395,2024-10-21T12:17:13.728Z,1,3133,781,837662,72.630000114,0.891000032
396,2024-10-21T12:17:14.025Z,0,4195,72,837663,72.927000046,0.296999931
397,2024-10-21T12:17:14.037Z,0,4784,360,837664,72.939000130,0.012000084
398,2024-10-21T12:17:14.064Z,1,3288,622,837665,72.966000080,0.026999950
399,2024-10-21T12:17:14.064Z,1,2801,624,837666,72.966000080,0.000000000
400,2024-10-21T12:17:16.324Z,0,832,546,837667,75.226000071,2.259999990
401,2024-10-21T12:17:16.582Z,0,1126,237,837668,75.484000206,0.258000135
402,2024-10-21T12:17:16.760Z,625,37209,573,837669,75.662000179,0.177999973
403,2024-10-21T12:17:17.663Z,1,2421,833,837670,76.565000296,0.903000116
404,2024-10-21T12:17:18.561Z,1,2273,631,837671,77.463000059,0.897999763
405,2024-10-21T12:17:19.423Z,0,4006,68,837672,78.325000286,0.862000227
406,2024-10-21T12:17:19.761Z,1,5062,590,837673,78.663000107,0.337999821
407,2024-10-21T12:17:21.229Z,0,3654,479,837674,80.131000042,1.467999935
408,2024-10-21T12:17:22.668Z,1,2575,951,837675,81.570000172,1.439000130
409,2024-10-21T12:17:23.512Z,1,1914,747,837676,82.414000273,0.844000101
410,2024-10-21T12:17:23.563Z,1,4518,667,837677,82.465000153,0.050999880
411,2024-10-21T12:17:25.317Z,1,11709,653,837678,84.219000101,1.753999949
412,2024-10-21T12:17:25.513Z,1,2916,751,837679,84.415000200,0.196000099
413,2024-10-21T12:17:25.812Z,1,3702,672,837680,84.714000225,0.299000025
414,2024-10-21T12:17:26.313Z,1,2427,660,837681,85.215000153,0.500999928
415,2024-10-21T12:17:27.019Z,0,385,70,837682,85.921000242,0.706000090
416,2024-10-21T12:17:28.010Z,0,158,22,837683,86.912000179,0.990999937
417,2024-10-21T12:17:28.565Z,1,3348,711,837684,87.467000008,0.554999828
418,2024-10-21T12:17:28.582Z,0,15798,432,837685,87.484000206,0.017000198
419,2024-10-21T12:17:28.619Z,0,805,169,837686,87.521000147,0.036999941
420,2024-10-21T12:17:29.120Z,0,547,63,837687,88.022000074,0.500999928
421,2024-10-21T12:17:30.511Z,0,440,41,837688,89.413000345,1.391000271
422,2024-10-21T12:17:32.263Z,0,595,550,837689,91.165000200,1.751999855
423,2024-10-21T12:17:33.924Z,0,115,16,837690,92.826000214,1.661000013
424,2024-10-21T12:17:34.488Z,0,3950,97,837691,93.390000105,0.563999891
425,2024-10-21T12:17:34.511Z,1,386,16384,837692,93.413000345,0.023000240
426,2024-10-21T12:17:36.591Z,0,564,39,837693,95.493000269,2.079999924
427,2024-10-21T12:17:37.740Z,0,479,52,837694,96.642000198,1.148999929
428,2024-10-21T12:17:38.084Z,0,1543,644,837695,96.986000299,0.344000101
429,2024-10-21T12:17:39.773Z,0,207,599,837696,98.675000191,1.688999891
430,2024-10-21T12:17:45.385Z,0,1607,763,837697,104.287000179,5.611999989
431,2024-10-21T12:17:47.259Z,0,3502,285,837698,106.161000252,1.874000072
432,2024-10-21T12:17:51.109Z,0,936,55,837699,110.011000156,3.849999905
433,2024-10-21T12:17:52.074Z,0,484,56,837700,110.976000071,0.964999914
434,2024-10-21T12:17:52.364Z,0,1258,29,837701,111.266000271,0.290000200
435,2024-10-21T12:17:55.566Z,0,4223,117,837702,114.468000412,3.202000141
436,2024-10-21T12:17:56.024Z,0,1491,222,837703,114.926000118,0.457999706
437,2024-10-21T12:17:56.363Z,0,140,12,837704,115.265000343,0.339000225
438,2024-10-21T12:17:56.566Z,0,993,1,837705,115.468000412,0.203000069
439,2024-10-21T12:17:56.611Z,0,10862,63,837706,115.513000250,0.044999838
440,2024-10-21T12:17:56.790Z,0,2957,835,837707,115.692000389,0.179000139
441,2024-10-21T12:17:57.769Z,0,1544,66,837708,116.671000242,0.978999853
442,2024-10-21T12:17:57.862Z,0,457,43,837709,116.764000416,0.093000174
443,2024-10-21T12:18:06.765Z,0,606,74,837710,125.667000055,8.902999640
444,2024-10-21T12:18:07.467Z,0,897,278,837711,126.369000196,0.702000141
445,2024-10-21T12:18:07.822Z,0,1466,73,837712,126.724000216,0.355000019
446,2024-10-21T12:18:07.844Z,0,486,35,837713,126.746000290,0.022000074
447,2024-10-21T12:18:07.850Z,0,152,10,837714,126.752000093,0.005999804
448,2024-10-21T12:18:11.465Z,0,3104,64,837715,130.367000103,3.615000010
449,2024-10-21T12:18:14.510Z,0,974,1,837716,133.412000418,3.045000315
450,2024-10-21T12:18:15.039Z,0,22608,846,837717,133.941000223,0.528999805
451,2024-10-21T12:18:15.524Z,0,487,88,837718,134.426000118,0.484999895
452,2024-10-21T12:18:18.011Z,0,786,72,837719,136.913000345,2.487000227
453,2024-10-21T12:18:18.886Z,0,864,102,837720,137.788000345,0.875000000
454,2024-10-21T12:18:22.114Z,0,1498,625,837721,141.016000032,3.227999687
455,2024-10-21T12:18:22.513Z,0,1349,19,837722,141.415000200,0.399000168
456,2024-10-21T12:18:23.083Z,0,127104,37,837723,141.985000372,0.570000172
457,2024-10-21T12:18:23.296Z,0,142,16,837724,142.198000193,0.212999821
458,2024-10-21T12:18:24.092Z,0,180,11,837725,142.994000196,0.796000004
459,2024-10-21T12:18:25.768Z,0,163,22,837726,144.670000076,1.675999880
460,2024-10-21T12:18:28.121Z,0,402,48,837727,147.023000240,2.353000164
461,2024-10-21T12:18:28.162Z,0,7659,195,837728,147.064000130,0.040999889
462,2024-10-21T12:18:32.600Z,0,167,17,837729,151.502000093,4.437999964
463,2024-10-21T12:18:33.581Z,0,503,42,837730,152.483000040,0.980999947
464,2024-10-21T12:18:33.613Z,0,783,8,837731,152.515000105,0.032000065
465,2024-10-21T12:18:34.599Z,0,999,15,837732,153.501000166,0.986000061
466,2024-10-21T12:18:37.863Z,0,3903,150,837733,156.765000343,3.264000177
467,2024-10-21T12:18:37.887Z,0,456,138,837734,156.789000273,0.023999929
468,2024-10-21T12:18:38.072Z,0,2458,268,837735,156.974000216,0.184999943
469,2024-10-21T12:18:38.468Z,0,1915,12,837736,157.370000124,0.395999908
470,2024-10-21T12:18:39.256Z,0,159,14,837737,158.158000231,0.788000107
471,2024-10-21T12:18:39.293Z,0,4060,182,837738,158.195000172,0.036999941
472,2024-10-21T12:18:40.340Z,0,976,1,837739,159.242000103,1.046999931
473,2024-10-21T12:18:40.458Z,0,1374,97,837740,159.360000134,0.118000031
474,2024-10-21T12:18:48.073Z,0,112,35,837741,166.975000143,7.615000010
475,2024-10-21T12:18:48.710Z,0,1195,62,837742,167.612000227,0.637000084
476,2024-10-21T12:18:52.112Z,0,200,964,837743,171.014000177,3.401999950
477,2024-10-21T12:18:52.173Z,0,3501,879,837744,171.075000048,0.060999870
478,2024-10-21T12:18:54.226Z,0,412,45,837745,173.128000021,2.052999973
479,2024-10-21T12:18:56.979Z,0,1552,672,837746,175.881000280,2.753000259
480,2024-10-21T12:18:57.567Z,0,1165,44,837747,176.469000340,0.588000059
481,2024-10-21T12:19:01.420Z,0,124,8,837748,180.322000265,3.852999926
482,2024-10-21T12:19:01.833Z,1,386,15064,837749,180.735000134,0.412999868
483,2024-10-21T12:19:04.098Z,0,1572,700,837750,183.000000000,2.264999866
484,2024-10-21T12:19:07.274Z,0,438,63,837751,186.176000118,3.176000118
485,2024-10-21T12:19:07.511Z,0,586,268,837752,186.413000345,0.237000227
486,2024-10-21T12:19:07.852Z,0,148,12,837753,186.754000187,0.340999842
487,2024-10-21T12:19:08.516Z,0,1940,52,837754,187.418000221,0.664000034
488,2024-10-21T12:19:08.763Z,0,3789,440,837755,187.665000200,0.246999979
489,2024-10-21T12:19:09.312Z,0,1703,248,837756,188.214000225,0.549000025
490,2024-10-21T12:19:09.743Z,0,143,11,837757,188.645000219,0.430999994
491,2024-10-21T12:19:12.011Z,0,3629,110,837758,190.913000345,2.268000126
492,2024-10-21T12:19:12.412Z,0,781,322,837759,191.314000130,0.400999784
493,2024-10-21T12:19:14.763Z,0,606,96,837760,193.665000200,2.351000071
494,2024-10-21T12:19:18.368Z,0,140,20,837761,197.270000219,3.605000019
495,2024-10-21T12:19:18.581Z,0,1056,1,837762,197.483000040,0.212999821
496,2024-10-21T12:19:19.788Z,0,794,86,837763,198.690000296,1.207000256
497,2024-10-21T12:19:21.038Z,0,130,12,837764,199.940000296,1.250000000
498,2024-10-21T12:19:22.635Z,0,946,146,837765,201.537000179,1.596999884
499,2024-10-21T12:19:27.957Z,0,4318,27,837766,206.859000206,5.322000027
500,2024-10-21T12:19:30.788Z,0,1555,546,837767,209.690000296,2.831000090
501,2024-10-21T12:19:32.333Z,0,509,17,837768,211.235000134,1.544999838
502,2024-10-21T12:19:33.510Z,0,763,8,837769,212.412000418,1.177000284
503,2024-10-21T12:19:33.852Z,0,123,3,837770,212.754000187,0.341999769
504,2024-10-21T12:19:34.281Z,0,126762,664,837771,213.183000088,0.428999901
505,2024-10-21T12:19:35.422Z,0,134,14,837772,214.324000359,1.141000271
506,2024-10-21T12:19:36.960Z,1,1774,31,837773,215.862000227,1.537999868
507,2024-10-21T12:19:37.813Z,0,457,92,837774,216.715000153,0.852999926
508,2024-10-21T12:19:38.789Z,9,4873,116,837775,217.691000223,0.976000071
509,2024-10-21T12:19:40.423Z,0,2094,284,837776,219.325000286,1.634000063
510,2024-10-21T12:19:41.388Z,0,152,10,837777,220.290000200,0.964999914
511,2024-10-21T12:19:43.767Z,0,1431,578,837778,222.669000149,2.378999949
512,2024-10-21T12:19:43.829Z,1,1176,76,837779,222.731000185,0.062000036
513,2024-10-21T12:19:43.919Z,1,4318,135,837780,222.821000338,0.090000153
514,2024-10-21T12:19:45.264Z,0,1603,777,837781,224.166000128,1.344999790
515,2024-10-21T12:19:45.417Z,0,152,15,837782,224.319000006,0.152999878
516,2024-10-21T12:19:46.084Z,1,1139,97,837783,224.986000299,0.667000294
517,2024-10-21T12:19:46.962Z,1,1391,17,837784,225.864000082,0.877999783
518,2024-10-21T12:19:47.966Z,9,3848,118,837785,226.868000269,1.004000187
519,2024-10-21T12:19:49.573Z,0,920,25,837786,228.475000143,1.606999874
520,2024-10-21T12:19:50.111Z,0,143,17,837787,229.013000250,0.538000107
521,2024-10-21T12:19:51.083Z,4,3204,77,837788,229.985000372,0.972000122
522,2024-10-21T12:19:52.006Z,0,3047,273,837789,230.908000231,0.922999859
523,2024-10-21T12:19:52.465Z,1,1787,27,837790,231.367000103,0.458999872
524,2024-10-21T12:19:52.538Z,1,386,256,837791,231.440000057,0.072999954
525,2024-10-21T12:19:52.583Z,0,516,25,837792,231.485000372,0.045000315
526,2024-10-21T12:19:53.212Z,1,1139,76,837793,232.114000082,0.628999710
527,2024-10-21T12:19:53.813Z,1,1422,17,837794,232.715000153,0.601000071
528,2024-10-21T12:19:53.962Z,1,890,19,837795,232.864000082,0.148999929
529,2024-10-21T12:19:53.962Z,1,1422,17,837796,232.864000082,0.000000000
530,2024-10-21T12:19:54.011Z,0,4763,171,837797,232.913000345,0.049000263
531,2024-10-21T12:19:54.329Z,1,1139,84,837798,233.231000185,0.317999840
532,2024-10-21T12:19:54.385Z,1,921,47,837799,233.287000179,0.055999994
533,2024-10-21T12:19:54.756Z,0,450,26,837800,233.658000231,0.371000051
534,2024-10-21T12:19:55.769Z,324,28197,56,837801,234.671000242,1.013000011
535,2024-10-21T12:19:55.850Z,0,4186,49,837802,234.752000093,0.080999851
536,2024-10-21T12:19:55.959Z,144,17906,32,837803,234.861000299,0.109000206
537,2024-10-21T12:19:56.079Z,0,37008,971,837804,234.981000185,0.119999886
538,2024-10-21T12:19:56.216Z,1,1170,72,837805,235.118000269,0.137000084
539,2024-10-21T12:19:56.560Z,1,1129,30,837806,235.462000132,0.343999863
540,2024-10-21T12:19:56.561Z,0,994,1,837807,235.463000059,0.000999928
541,2024-10-21T12:19:56.713Z,4,1838,1,837808,235.615000010,0.151999950
542,2024-10-21T12:19:57.321Z,0,676,41,837809,236.223000050,0.608000040
543,2024-10-21T12:19:58.082Z,9,3688,198,837810,236.983999968,0.760999918
544,2024-10-21T12:19:58.834Z,0,900,89,837811,237.736000061,0.752000093
545,2024-10-21T12:19:59.042Z,0,1053,35,837812,237.944000006,0.207999945
546,2024-10-21T12:20:00.612Z,0,984,1,837813,239.514000177,1.570000172
547,2024-10-21T12:20:01.333Z,0,3533,338,837814,240.235000134,0.720999956
548,2024-10-21T12:20:01.561Z,400,31512,62,837815,240.463000059,0.227999926
549,2024-10-21T12:20:01.561Z,9,4908,67,837816,240.463000059,0.000000000
550,2024-10-21T12:20:01.810Z,1,1139,73,837817,240.712000132,0.249000072
551,2024-10-21T12:20:01.918Z,484,34827,41,837818,240.820000410,0.108000278
552,2024-10-21T12:20:02.210Z,1,1572,23,837819,241.111999989,0.291999578
553,2024-10-21T12:20:02.886Z,0,441,77,837820,241.788000345,0.676000357
554,2024-10-21T12:20:03.664Z,484,34827,52,837821,242.566000223,0.777999878
555,2024-10-21T12:20:03.831Z,1,4355,161,837822,242.733000278,0.167000055
556,2024-10-21T12:20:03.884Z,1,890,52,837823,242.786000252,0.052999973
557,2024-10-21T12:20:04.064Z,1,1139,96,837824,242.966000080,0.179999828
558,2024-10-21T12:20:04.354Z,9,4908,109,837825,243.256000042,0.289999962
559,2024-10-21T12:20:04.785Z,0,36,9,837826,243.687000036,0.430999994
560,2024-10-21T12:20:04.917Z,484,34827,60,837827,243.819000006,0.131999969
561,2024-10-21T12:20:05.134Z,1,1572,71,837828,244.036000252,0.217000246
562,2024-10-21T12:20:05.134Z,1,1170,90,837829,244.036000252,0.000000000
563,2024-10-21T12:20:05.208Z,0,1381,27,837830,244.110000134,0.073999882
564,2024-10-21T12:20:05.208Z,4,3204,88,837831,244.110000134,0.000000000
565,2024-10-21T12:20:05.463Z,1,1422,17,837832,244.365000248,0.255000114
566,2024-10-21T12:20:05.463Z,1,1139,74,837833,244.365000248,0.000000000
567,2024-10-21T12:20:06.103Z,0,3529,635,837834,245.005000353,0.640000105
568,2024-10-21T12:20:06.134Z,1,1139,90,837835,245.036000252,0.030999899
569,2024-10-21T12:20:06.353Z,49,11708,81,837836,245.255000114,0.218999863
570,2024-10-21T12:20:06.709Z,1,997,133,837837,245.611000061,0.355999947
571,2024-10-21T12:20:06.817Z,1,1139,103,837838,245.719000101,0.108000040
572,2024-10-21T12:20:06.856Z,1,1234,90,837839,245.758000135,0.039000034
573,2024-10-21T12:20:07.070Z,4,4300,91,837840,245.972000360,0.214000225
574,2024-10-21T12:20:07.103Z,9,4904,88,837841,246.005000353,0.032999992
575,2024-10-21T12:20:07.274Z,49,11368,81,837842,246.176000118,0.170999765
576,2024-10-21T12:20:07.312Z,9,3845,134,837843,246.214000225,0.038000107
577,2024-10-21T12:20:07.321Z,1,916,41,837844,246.223000050,0.008999825
578,2024-10-21T12:20:07.321Z,441,32617,46,837845,246.223000050,0.000000000
579,2024-10-21T12:20:07.830Z,9,4908,83,837846,246.732000351,0.509000301
580,2024-10-21T12:20:08.211Z,0,164,8,837847,247.113000154,0.380999804
581,2024-10-21T12:20:08.353Z,1,1659,136,837848,247.255000114,0.141999960
582,2024-10-21T12:20:08.537Z,1,1797,27,837849,247.439000130,0.184000015
583,2024-10-21T12:20:08.603Z,9,4003,230,837850,247.505000353,0.066000223
584,2024-10-21T12:20:08.604Z,1,1813,8,837851,247.506000280,0.000999928
585,2024-10-21T12:20:08.671Z,441,33722,50,837852,247.573000193,0.066999912
586,2024-10-21T12:20:09.037Z,441,33722,62,837853,247.939000130,0.365999937
587,2024-10-21T12:20:09.037Z,16,4555,171,837854,247.939000130,0.000000000
588,2024-10-21T12:20:09.062Z,1,1205,70,837855,247.964000225,0.025000095
589,2024-10-21T12:20:09.063Z,529,35932,41,837856,247.965000153,0.000999928
590,2024-10-21T12:20:09.811Z,9,3060,1,837857,248.713000298,0.748000145
591,2024-10-21T12:20:10.039Z,1,1540,63,837858,248.941000223,0.227999926
592,2024-10-21T12:20:10.289Z,1,1540,97,837859,249.191000223,0.250000000
593,2024-10-21T12:20:10.354Z,49,11673,92,837860,249.256000042,0.064999819
594,2024-10-21T12:20:10.511Z,1,921,20,837861,249.413000345,0.157000303
595,2024-10-21T12:20:10.729Z,0,3594,256,837862,249.631000042,0.217999697
596,2024-10-21T12:20:10.818Z,289,23949,306,837863,249.720000029,0.088999987
597,2024-10-21T12:20:10.871Z,4,3208,73,837864,249.773000240,0.053000212
598,2024-10-21T12:20:11.288Z,400,31512,86,837865,250.190000296,0.417000055
599,2024-10-21T12:20:11.538Z,1,1197,90,837866,250.440000057,0.249999762
600,2024-10-21T12:20:12.104Z,0,453,37,837867,251.006000280,0.566000223
601,2024-10-21T12:20:12.350Z,9,3653,149,837868,251.252000332,0.246000051
602,2024-10-21T12:20:12.458Z,9,4495,131,837869,251.360000134,0.107999802
603,2024-10-21T12:20:12.519Z,1,1541,283,837870,251.421000242,0.061000109
604,2024-10-21T12:20:13.349Z,1,374,45,837871,252.251000166,0.829999924
605,2024-10-21T12:20:13.465Z,1,2427,653,837872,252.367000103,0.115999937
606,2024-10-21T12:20:13.609Z,1,1739,24,837873,252.511000156,0.144000053
607,2024-10-21T12:20:14.083Z,49,11708,75,837874,252.985000372,0.474000216
608,2024-10-21T12:20:14.104Z,9,4144,326,837875,253.006000280,0.020999908
609,2024-10-21T12:20:14.217Z,529,35932,52,837876,253.119000196,0.112999916
610,2024-10-21T12:20:14.234Z,0,4569,53,837877,253.136000156,0.016999960
611,2024-10-21T12:20:14.466Z,1,3190,537,837878,253.368000031,0.231999874
612,2024-10-21T12:20:14.519Z,16,5213,86,837879,253.421000242,0.053000212
613,2024-10-21T12:20:14.712Z,0,409,44,837880,253.614000082,0.192999840
614,2024-10-21T12:20:14.855Z,0,7323,159,837881,253.757000208,0.143000126
615,2024-10-21T12:20:14.859Z,1,1893,29,837882,253.761000156,0.003999949
616,2024-10-21T12:20:14.965Z,16,4501,104,837883,253.867000103,0.105999947
617,2024-10-21T12:20:15.074Z,9,4008,383,837884,253.976000071,0.108999968
618,2024-10-21T12:20:15.129Z,1,1784,41,837885,254.031000137,0.055000067
619,2024-10-21T12:20:15.320Z,1,1189,2,837886,254.222000122,0.190999985
620,2024-10-21T12:20:15.966Z,1,2386,650,837887,254.868000269,0.646000147
621,2024-10-21T12:20:15.967Z,9,4904,93,837888,254.869000196,0.000999928
622,2024-10-21T12:20:16.384Z,4,3379,188,837889,255.286000252,0.417000055
623,2024-10-21T12:20:16.513Z,1,732,97,837890,255.415000200,0.128999949
624,2024-10-21T12:20:16.579Z,9,3847,128,837891,255.481000185,0.065999985
625,2024-10-21T12:20:16.819Z,1,3417,512,837892,255.721000195,0.240000010
626,2024-10-21T12:20:17.008Z,0,190,17,837893,255.910000086,0.188999891
627,2024-10-21T12:20:17.037Z,324,28197,49,837894,255.939000130,0.029000044
628,2024-10-21T12:20:17.071Z,0,3743,526,837895,255.973000288,0.034000158
629,2024-10-21T12:20:17.129Z,0,2796,1238,837896,256.031000137,0.057999849
630,2024-10-21T12:20:17.215Z,49,10684,129,837897,256.117000341,0.086000204
631,2024-10-21T12:20:17.860Z,1,1795,65,837898,256.762000084,0.644999743
632,2024-10-21T12:20:18.011Z,0,466,62,837899,256.913000345,0.151000261
633,2024-10-21T12:20:18.109Z,529,35932,50,837900,257.011000156,0.097999811
634,2024-10-21T12:20:18.262Z,1,1107,102,837901,257.164000273,0.153000116
635,2024-10-21T12:20:18.289Z,9,4260,14,837902,257.191000223,0.026999950
636,2024-10-21T12:20:18.313Z,1,1507,30,837903,257.215000153,0.023999929
637,2024-10-21T12:20:18.466Z,9,3931,336,837904,257.368000031,0.152999878
638,2024-10-21T12:20:18.603Z,0,2601,25,837905,257.505000353,0.137000322
639,2024-10-21T12:20:18.603Z,1,890,42,837906,257.505000353,0.000000000
640,2024-10-21T12:20:18.609Z,529,35932,45,837907,257.511000156,0.005999804
641,2024-10-21T12:20:18.727Z,0,677,59,837908,257.629000187,0.118000031
642,2024-10-21T12:20:19.019Z,441,33722,44,837909,257.921000242,0.292000055
643,2024-10-21T12:20:19.063Z,289,27092,39,837910,257.965000153,0.043999910
644,2024-10-21T12:20:19.068Z,1,2766,605,837911,257.970000267,0.005000114
645,2024-10-21T12:20:19.339Z,25,8304,72,837912,258.241000175,0.270999908
646,2024-10-21T12:20:19.359Z,0,183,22,837913,258.261000156,0.019999981
647,2024-10-21T12:20:19.373Z,9,4904,97,837914,258.275000095,0.013999939
648,2024-10-21T12:20:19.483Z,0,693,124,837915,258.385000229,0.110000134
649,2024-10-21T12:20:19.535Z,1,2132,692,837916,258.437000275,0.052000046
650,2024-10-21T12:20:19.535Z,1,2777,604,837917,258.437000275,0.000000000
651,2024-10-21T12:20:19.566Z,1,4246,633,837918,258.468000412,0.031000137
652,2024-10-21T12:20:19.623Z,1,386,470,837919,258.525000334,0.056999922
653,2024-10-21T12:20:19.663Z,9,4142,270,837920,258.565000296,0.039999962
654,2024-10-21T12:20:19.711Z,1,2446,553,837921,258.613000154,0.047999859
655,2024-10-21T12:20:19.761Z,1,921,59,837922,258.663000107,0.049999952
656,2024-10-21T12:20:19.788Z,4,3165,133,837923,258.690000296,0.027000189
657,2024-10-21T12:20:19.859Z,1,1139,114,837924,258.761000156,0.070999861
658,2024-10-21T12:20:20.210Z,0,1806,436,837925,259.111999989,0.350999832
659,2024-10-21T12:20:20.566Z,1,3395,679,837926,259.468000412,0.356000423
660,2024-10-21T12:20:20.622Z,1,1167,69,837927,259.524000406,0.055999994
661,2024-10-21T12:20:20.622Z,4,3013,418,837928,259.524000406,0.000000000
662,2024-10-21T12:20:20.675Z,1,502,109,837929,259.577000141,0.052999735
663,2024-10-21T12:20:20.841Z,1,921,42,837930,259.743000031,0.165999889
664,2024-10-21T12:20:20.858Z,4,4286,95,837931,259.759999990,0.016999960
665,2024-10-21T12:20:21.023Z,1,11422,660,837932,259.925000191,0.165000200
666,2024-10-21T12:20:21.036Z,0,5033,4058,837933,259.938000202,0.013000011
667,2024-10-21T12:20:21.263Z,16,4548,144,837934,260.165000200,0.226999998
668,2024-10-21T12:20:21.276Z,1,890,29,837935,260.178000212,0.013000011
669,2024-10-21T12:20:21.414Z,9,3951,391,837936,260.316000223,0.138000011
670,2024-10-21T12:20:21.566Z,1,3347,735,837937,260.468000412,0.152000189
671,2024-10-21T12:20:21.962Z,1,2859,581,837938,260.864000082,0.395999670
672,2024-10-21T12:20:21.963Z,441,32617,41,837939,260.865000248,0.001000166
673,2024-10-21T12:20:21.986Z,1,321,2,837940,260.888000011,0.022999763
674,2024-10-21T12:20:22.024Z,1,2329,710,837941,260.926000118,0.038000107
675,2024-10-21T12:20:22.087Z,0,462,63,837942,260.989000320,0.063000202
676,2024-10-21T12:20:22.103Z,1,2447,657,837943,261.005000353,0.016000032
677,2024-10-21T12:20:22.103Z,1,2402,659,837944,261.005000353,0.000000000
678,2024-10-21T12:20:22.137Z,49,11024,97,837945,261.039000034,0.033999681
679,2024-10-21T12:20:22.271Z,1,1821,29,837946,261.173000336,0.134000301
680,2024-10-21T12:20:22.385Z,9,3817,106,837947,261.287000179,0.113999844
681,2024-10-21T12:20:22.423Z,0,75,122,837948,261.325000286,0.038000107
682,2024-10-21T12:20:22.457Z,1,386,242,837949,261.359000206,0.033999920
683,2024-10-21T12:20:22.566Z,9,3730,257,837950,261.468000412,0.109000206
684,2024-10-21T12:20:22.674Z,0,523,27,837951,261.575999975,0.107999563
685,2024-10-21T12:20:22.675Z,484,34827,84,837952,261.577000141,0.001000166
686,2024-10-21T12:20:22.829Z,25,7705,148,837953,261.731000185,0.154000044
687,2024-10-21T12:20:22.855Z,9,3848,90,837954,261.757000208,0.026000023
688,2024-10-21T12:20:22.862Z,4,3983,77,837955,261.764000416,0.007000208
689,2024-10-21T12:20:22.921Z,9,3714,82,837956,261.823000193,0.058999777
690,2024-10-21T12:20:23.064Z,1,1693,373,837957,261.966000080,0.142999887
691,2024-10-21T12:20:23.174Z,9,3848,126,837958,262.076000214,0.110000134
692,2024-10-21T12:20:23.214Z,1,1139,94,837959,262.116000414,0.040000200
693,2024-10-21T12:20:23.240Z,1,1540,67,837960,262.142000198,0.025999784
694,2024-10-21T12:20:23.263Z,1,1139,97,837961,262.165000200,0.023000002
695,2024-10-21T12:20:23.279Z,1,2066,593,837962,262.181000233,0.016000032
696,2024-10-21T12:20:23.295Z,9,4110,414,837963,262.197000265,0.016000032
697,2024-10-21T12:20:23.296Z,1,2815,636,837964,262.198000193,0.000999928
698,2024-10-21T12:20:23.363Z,441,33722,39,837965,262.265000343,0.067000151
699,2024-10-21T12:20:23.510Z,1,1173,78,837966,262.412000418,0.147000074
700,2024-10-21T12:20:23.520Z,49,11704,95,837967,262.422000170,0.009999752
701,2024-10-21T12:20:23.628Z,1,398,134,837968,262.530000210,0.108000040
702,2024-10-21T12:20:24.041Z,1,1642,227,837969,262.943000078,0.412999868
703,2024-10-21T12:20:24.103Z,4,4417,106,837970,263.005000353,0.062000275
704,2024-10-21T12:20:24.214Z,1,2677,633,837971,263.116000414,0.111000061
705,2024-10-21T12:20:24.350Z,1,1265,90,837972,263.252000332,0.135999918
706,2024-10-21T12:20:24.589Z,1,1594,87,837973,263.491000175,0.238999844
707,2024-10-21T12:20:24.604Z,1,890,43,837974,263.506000280,0.015000105
708,2024-10-21T12:20:24.735Z,4,3844,96,837975,263.637000322,0.131000042
709,2024-10-21T12:20:24.831Z,0,1347,514,837976,263.733000278,0.095999956
710,2024-10-21T12:20:25.262Z,1,1659,476,837977,264.164000273,0.430999994
711,2024-10-21T12:20:25.290Z,1,2252,675,837978,264.192000151,0.027999878
712,2024-10-21T12:20:25.391Z,1,3756,616,837979,264.293000221,0.101000071
713,2024-10-21T12:20:25.522Z,1,1659,151,837980,264.424000025,0.130999804
714,2024-10-21T12:20:25.712Z,9,3850,143,837981,264.614000082,0.190000057
715,2024-10-21T12:20:25.920Z,49,11708,57,837982,264.822000265,0.208000183
716,2024-10-21T12:20:26.484Z,1,1136,114,837983,265.386000156,0.563999891
717,2024-10-21T12:20:26.519Z,4,3208,84,837984,265.421000242,0.035000086
718,2024-10-21T12:20:26.825Z,9,3718,74,837985,265.727000237,0.305999994
719,2024-10-21T12:20:27.023Z,4,4151,98,837986,265.925000191,0.197999954
720,2024-10-21T12:20:27.335Z,0,2811,266,837987,266.237000227,0.312000036
721,2024-10-21T12:20:27.761Z,1,386,380,837988,266.663000107,0.425999880
722,2024-10-21T12:20:27.761Z,49,11228,251,837989,266.663000107,0.000000000
723,2024-10-21T12:20:28.484Z,0,3612,351,837990,267.386000156,0.723000050
724,2024-10-21T12:20:28.519Z,1,2000,641,837991,267.421000242,0.035000086
725,2024-10-21T12:20:28.610Z,4,3993,92,837992,267.512000084,0.090999842
726,2024-10-21T12:20:28.611Z,1,1107,94,837993,267.513000250,0.001000166
727,2024-10-21T12:20:28.813Z,4,2844,313,837994,267.715000153,0.201999903
728,2024-10-21T12:20:28.893Z,1,3055,671,837995,267.795000076,0.079999924
729,2024-10-21T12:20:28.984Z,49,11704,80,837996,267.886000156,0.091000080
730,2024-10-21T12:20:29.072Z,9,3851,122,837997,267.974000216,0.088000059
731,2024-10-21T12:20:29.172Z,16,4535,147,837998,268.074000120,0.099999905
732,2024-10-21T12:20:29.301Z,0,342,17,837999,268.203000069,0.128999949
733,2024-10-21T12:20:29.327Z,0,1032,18,838000,268.229000330,0.026000261
734,2024-10-21T12:20:29.570Z,16,4567,141,838001,268.472000122,0.242999792
735,2024-10-21T12:20:29.762Z,1,2458,633,838002,268.664000034,0.191999912
736,2024-10-21T12:20:29.861Z,1,582,38,838003,268.763000011,0.098999977
737,2024-10-21T12:20:30.106Z,9,4260,14,838004,269.008000135,0.245000124
738,2024-10-21T12:20:30.263Z,0,194,17,838005,269.165000200,0.157000065
739,2024-10-21T12:20:30.274Z,1,1107,115,838006,269.176000118,0.010999918
740,2024-10-21T12:20:30.358Z,1,3531,559,838007,269.260000229,0.084000111
741,2024-10-21T12:20:30.386Z,9,4846,345,838008,269.288000107,0.027999878
742,2024-10-21T12:20:30.770Z,1,4379,558,838009,269.672000170,0.384000063
743,2024-10-21T12:20:30.787Z,1,1912,595,838010,269.689000368,0.017000198
744,2024-10-21T12:20:30.860Z,1,921,32,838011,269.762000084,0.072999716
745,2024-10-21T12:20:31.066Z,9,3845,116,838012,269.968000174,0.206000090
746,2024-10-21T12:20:31.288Z,1,2427,644,838013,270.190000296,0.222000122
747,2024-10-21T12:20:31.363Z,361,29302,64,838014,270.265000343,0.075000048
748,2024-10-21T12:20:31.538Z,1,2031,570,838015,270.440000057,0.174999714
749,2024-10-21T12:20:31.538Z,1,1944,502,838016,270.440000057,0.000000000
750,2024-10-21T12:20:31.712Z,1,386,1019,838017,270.614000082,0.174000025
751,2024-10-21T12:20:32.065Z,9,3851,144,838018,270.967000008,0.352999926
752,2024-10-21T12:20:32.110Z,1,386,279,838019,271.012000322,0.045000315
753,2024-10-21T12:20:32.116Z,1,1789,487,838020,271.018000126,0.005999804
754,2024-10-21T12:20:32.313Z,1,386,532,838021,271.215000153,0.197000027
755,2024-10-21T12:20:32.540Z,1,2078,586,838022,271.442000151,0.226999998
756,2024-10-21T12:20:32.663Z,1,2534,639,838023,271.565000296,0.123000145
757,2024-10-21T12:20:32.738Z,0,458,26,838024,271.640000105,0.074999809
758,2024-10-21T12:20:32.762Z,1,2143,618,838025,271.664000034,0.023999929
759,2024-10-21T12:20:32.763Z,1,2669,686,838026,271.665000200,0.001000166
760,2024-10-21T12:20:32.785Z,1,2481,612,838027,271.687000036,0.021999836
761,2024-10-21T12:20:32.990Z,1,1540,110,838028,271.892000198,0.205000162
762,2024-10-21T12:20:33.010Z,1,2871,705,838029,271.912000179,0.019999981
763,2024-10-21T12:20:33.289Z,1,2064,552,838030,272.191000223,0.279000044
764,2024-10-21T12:20:33.362Z,1,582,22,838031,272.264000177,0.072999954
765,2024-10-21T12:20:33.537Z,1,3142,678,838032,272.439000130,0.174999952
766,2024-10-21T12:20:33.623Z,1,1838,31,838033,272.525000334,0.086000204
767,2024-10-21T12:20:33.714Z,1,2441,618,838034,272.616000175,0.090999842
768,2024-10-21T12:20:33.986Z,1,1139,70,838035,272.888000011,0.271999836
769,2024-10-21T12:20:34.070Z,1,2636,608,838036,272.972000360,0.084000349
770,2024-10-21T12:20:34.082Z,400,30069,485,838037,272.983999968,0.011999607
771,2024-10-21T12:20:34.110Z,484,34827,43,838038,273.012000322,0.028000355
772,2024-10-21T12:20:34.289Z,1,2997,731,838039,273.191000223,0.178999901
773,2024-10-21T12:20:34.322Z,1,1139,95,838040,273.223999977,0.032999754
774,2024-10-21T12:20:34.359Z,1,3194,843,838041,273.261000156,0.037000179
775,2024-10-21T12:20:34.359Z,484,34827,115,838042,273.261000156,0.000000000
776,2024-10-21T12:20:34.362Z,4,3567,582,838043,273.264000177,0.003000021
777,2024-10-21T12:20:34.479Z,1,1107,115,838044,273.381000280,0.117000103
778,2024-10-21T12:20:34.520Z,1,810,106,838045,273.422000170,0.040999889
779,2024-10-21T12:20:34.538Z,1,2560,552,838046,273.440000057,0.017999887
780,2024-10-21T12:20:34.565Z,49,11704,82,838047,273.467000008,0.026999950
781,2024-10-21T12:20:34.636Z,1,2721,693,838048,273.538000107,0.071000099
782,2024-10-21T12:20:35.040Z,1,3383,755,838049,273.942000151,0.404000044
783,2024-10-21T12:20:35.363Z,1,1139,62,838050,274.265000343,0.323000193
784,2024-10-21T12:20:35.364Z,1,2209,157,838051,274.266000271,0.000999928
785,2024-10-21T12:20:35.462Z,4,3442,578,838052,274.364000320,0.098000050
786,2024-10-21T12:20:35.512Z,1,3799,705,838053,274.414000273,0.049999952
787,2024-10-21T12:20:35.544Z,0,449,37,838054,274.446000099,0.031999826
788,2024-10-21T12:20:35.605Z,9,3679,145,838055,274.507000208,0.061000109
789,2024-10-21T12:20:36.012Z,1,2350,655,838056,274.914000273,0.407000065
790,2024-10-21T12:20:36.110Z,1,1562,111,838057,275.012000322,0.098000050
791,2024-10-21T12:20:36.316Z,16,4563,150,838058,275.218000174,0.205999851
792,2024-10-21T12:20:36.869Z,324,28197,51,838059,275.771000147,0.552999973
793,2024-10-21T12:20:37.212Z,9,3900,231,838060,276.114000082,0.342999935
794,2024-10-21T12:20:37.262Z,1,2678,700,838061,276.164000273,0.050000191
795,2024-10-21T12:20:37.289Z,1,2113,613,838062,276.191000223,0.026999950
796,2024-10-21T12:20:37.371Z,1,890,29,838063,276.273000240,0.082000017
797,2024-10-21T12:20:37.563Z,1,3321,588,838064,276.465000153,0.191999912
798,2024-10-21T12:20:37.612Z,1,9127,658,838065,276.514000177,0.049000025
799,2024-10-21T12:20:37.642Z,1,2820,658,838066,276.544000149,0.029999971
800,2024-10-21T12:20:37.663Z,0,466,29,838067,276.565000296,0.021000147
801,2024-10-21T12:20:37.772Z,1,2371,512,838068,276.674000263,0.108999968
802,2024-10-21T12:20:37.815Z,4,3764,712,838069,276.717000246,0.042999983
803,2024-10-21T12:20:37.859Z,1,2212,476,838070,276.761000156,0.043999910
804,2024-10-21T12:20:37.859Z,36,9796,142,838071,276.761000156,0.000000000
805,2024-10-21T12:20:37.958Z,1,2905,492,838072,276.860000372,0.099000216
806,2024-10-21T12:20:38.024Z,1,664,299,838073,276.926000118,0.065999746
807,2024-10-21T12:20:38.084Z,1,2181,504,838074,276.986000299,0.060000181
808,2024-10-21T12:20:38.273Z,1,2476,527,838075,277.175000191,0.188999891
809,2024-10-21T12:20:38.355Z,4,3940,85,838076,277.257000208,0.082000017
810,2024-10-21T12:20:38.536Z,1,1960,734,838077,277.438000202,0.180999994
811,2024-10-21T12:20:38.600Z,49,11197,323,838078,277.502000093,0.063999891
812,2024-10-21T12:20:38.854Z,9,3930,310,838079,277.756000280,0.254000187
813,2024-10-21T12:20:38.888Z,1,2616,681,838080,277.790000200,0.033999920
814,2024-10-21T12:20:39.112Z,1,2332,669,838081,278.014000177,0.223999977
815,2024-10-21T12:20:39.261Z,1,1139,81,838082,278.163000107,0.148999929
816,2024-10-21T12:20:39.276Z,0,137,12,838083,278.178000212,0.015000105
817,2024-10-21T12:20:39.276Z,1,1076,129,838084,278.178000212,0.000000000
818,2024-10-21T12:20:39.292Z,1,1139,89,838085,278.194000244,0.016000032
819,2024-10-21T12:20:39.373Z,484,34827,41,838086,278.275000095,0.080999851
820,2024-10-21T12:20:39.373Z,9,3832,286,838087,278.275000095,0.000000000
821,2024-10-21T12:20:39.541Z,1,2760,707,838088,278.443000078,0.167999983
822,2024-10-21T12:20:39.565Z,1,3058,623,838089,278.467000008,0.023999929
823,2024-10-21T12:20:39.792Z,1,11116,777,838090,278.694000244,0.227000237
824,2024-10-21T12:20:40.114Z,9,4338,415,838091,279.016000032,0.321999788
825,2024-10-21T12:20:40.210Z,1,2861,812,838092,279.111999989,0.095999956
826,2024-10-21T12:20:40.229Z,1,2939,33,838093,279.131000042,0.019000053
827,2024-10-21T12:20:40.229Z,1,1777,28,838094,279.131000042,0.000000000
828,2024-10-21T12:20:40.604Z,1,4919,507,838095,279.506000280,0.375000238
829,2024-10-21T12:20:40.613Z,9,4250,397,838096,279.515000105,0.008999825
830,2024-10-21T12:20:40.711Z,1,2576,899,838097,279.613000154,0.098000050
831,2024-10-21T12:20:40.729Z,484,34827,52,838098,279.631000042,0.017999887
832,2024-10-21T12:20:40.729Z,16,4548,165,838099,279.631000042,0.000000000
833,2024-10-21T12:20:40.791Z,4,4083,88,838100,279.693000317,0.062000275
834,2024-10-21T12:20:40.963Z,1,2009,685,838101,279.865000248,0.171999931
835,2024-10-21T12:20:41.073Z,529,35932,48,838102,279.975000143,0.109999895
836,2024-10-21T12:20:41.272Z,0,4098,96,838103,280.174000263,0.199000120
837,2024-10-21T12:20:41.363Z,1,2710,356,838104,280.265000343,0.091000080
838,2024-10-21T12:20:41.584Z,0,1061,1,838105,280.486000299,0.220999956
839,2024-10-21T12:20:41.609Z,1,3070,724,838106,280.511000156,0.024999857
840,2024-10-21T12:20:41.816Z,1,2280,707,838107,280.718000174,0.207000017
841,2024-10-21T12:20:41.861Z,1,2584,691,838108,280.763000011,0.044999838
842,2024-10-21T12:20:41.864Z,1,8309,673,838109,280.766000271,0.003000259
843,2024-10-21T12:20:42.021Z,9,3900,328,838110,280.923000097,0.156999826
844,2024-10-21T12:20:42.069Z,1,2745,665,838111,280.971000195,0.048000097
845,2024-10-21T12:20:42.120Z,1,1956,552,838112,281.022000074,0.050999880
846,2024-10-21T12:20:42.524Z,0,981,1,838113,281.426000118,0.404000044
847,2024-10-21T12:20:42.601Z,1,2187,559,838114,281.503000021,0.076999903
848,2024-10-21T12:20:42.712Z,1,2943,752,838115,281.614000082,0.111000061
849,2024-10-21T12:20:42.789Z,1,502,118,838116,281.691000223,0.077000141
850,2024-10-21T12:20:42.960Z,1,2841,726,838117,281.862000227,0.171000004
851,2024-10-21T12:20:43.315Z,1,1422,39,838118,282.217000246,0.355000019
852,2024-10-21T12:20:43.315Z,1,317,1,838119,282.217000246,0.000000000
853,2024-10-21T12:20:43.363Z,1,3557,802,838120,282.265000343,0.048000097
854,2024-10-21T12:20:43.478Z,1,1139,118,838121,282.380000353,0.115000010
855,2024-10-21T12:20:43.566Z,1,1945,510,838122,282.468000412,0.088000059
856,2024-10-21T12:20:43.790Z,9,7280,369,838123,282.692000389,0.223999977
857,2024-10-21T12:20:44.092Z,9,4908,86,838124,282.994000196,0.301999807
858,2024-10-21T12:20:44.363Z,9,4349,433,838125,283.265000343,0.271000147
859,2024-10-21T12:20:44.459Z,9,3971,438,838126,283.361000299,0.095999956
860,2024-10-21T12:20:44.607Z,4,2574,262,838127,283.509000301,0.148000002
861,2024-10-21T12:20:44.609Z,1,3481,566,838128,283.511000156,0.001999855
862,2024-10-21T12:20:44.860Z,9,3907,305,838129,283.762000084,0.250999928
863,2024-10-21T12:20:44.864Z,1,3277,625,838130,283.766000271,0.004000187
864,2024-10-21T12:20:45.462Z,0,1066,50,838131,284.364000320,0.598000050
865,2024-10-21T12:20:45.539Z,1,1139,93,838132,284.441000223,0.076999903
866,2024-10-21T12:20:45.605Z,0,1976,990,838133,284.507000208,0.065999985
867,2024-10-21T12:20:45.615Z,1,2135,496,838134,284.517000198,0.009999990
868,2024-10-21T12:20:45.815Z,1,2584,842,838135,284.717000246,0.200000048
869,2024-10-21T12:20:45.820Z,1,884,81,838136,284.722000122,0.004999876
870,2024-10-21T12:20:46.011Z,0,125,7,838137,284.913000345,0.191000223
871,2024-10-21T12:20:46.112Z,1,1900,64,838138,285.014000177,0.100999832
872,2024-10-21T12:20:46.324Z,1,984,101,838139,285.226000071,0.211999893
873,2024-10-21T12:20:46.330Z,1,3496,579,838140,285.232000113,0.006000042
874,2024-10-21T12:20:46.485Z,9,3845,125,838141,285.387000084,0.154999971
875,2024-10-21T12:20:46.564Z,1,4402,769,838142,285.466000080,0.078999996
876,2024-10-21T12:20:46.590Z,441,33722,76,838143,285.492000341,0.026000261
877,2024-10-21T12:20:46.711Z,4,4253,585,838144,285.613000154,0.120999813
878,2024-10-21T12:20:46.761Z,529,35932,50,838145,285.663000107,0.049999952
879,2024-10-21T12:20:46.919Z,0,2346,20,838146,285.821000338,0.158000231
880,2024-10-21T12:20:47.311Z,9,4224,84,838147,286.213000298,0.391999960
881,2024-10-21T12:20:47.617Z,1,2823,556,838148,286.519000053,0.305999756
882,2024-10-21T12:20:47.619Z,1,1139,81,838149,286.521000147,0.002000093
883,2024-10-21T12:20:47.857Z,1,3189,634,838150,286.759000063,0.237999916
884,2024-10-21T12:20:48.088Z,9,4387,370,838151,286.990000248,0.231000185
885,2024-10-21T12:20:48.089Z,16,5588,86,838152,286.991000175,0.000999928
886,2024-10-21T12:20:48.114Z,0,164,685,838153,287.016000032,0.024999857
887,2024-10-21T12:20:48.114Z,0,1332,656,838154,287.016000032,0.000000000
888,2024-10-21T12:20:48.212Z,1,2229,572,838155,287.114000082,0.098000050
889,2024-10-21T12:20:48.317Z,484,34827,50,838156,287.219000101,0.105000019
890,2024-10-21T12:20:48.354Z,1,2125,727,838157,287.256000042,0.036999941
891,2024-10-21T12:20:48.605Z,1,2181,662,838158,287.507000208,0.251000166
892,2024-10-21T12:20:48.866Z,1,2561,745,838159,287.768000126,0.260999918
893,2024-10-21T12:20:48.866Z,1,3617,684,838160,287.768000126,0.000000000
894,2024-10-21T12:20:48.975Z,9,3848,105,838161,287.877000332,0.109000206
895,2024-10-21T12:20:49.114Z,9,3954,314,838162,288.016000032,0.138999701
896,2024-10-21T12:20:49.341Z,1,1107,107,838163,288.243000031,0.226999998
897,2024-10-21T12:20:49.589Z,4,4118,108,838164,288.491000175,0.248000145
898,2024-10-21T12:20:49.810Z,1,357,2,838165,288.712000132,0.220999956
899,2024-10-21T12:20:49.858Z,1,2488,748,838166,288.759999990,0.047999859
900,2024-10-21T12:20:50.010Z,1,1139,74,838167,288.912000179,0.152000189
901,2024-10-21T12:20:50.064Z,9,7248,227,838168,288.966000080,0.053999901
902,2024-10-21T12:20:50.560Z,4,3147,633,838169,289.462000132,0.496000051
903,2024-10-21T12:20:50.610Z,1,386,245,838170,289.512000084,0.049999952
904,2024-10-21T12:20:50.618Z,484,34827,40,838171,289.519999981,0.007999897
905,2024-10-21T12:20:50.711Z,4,1799,2,838172,289.613000154,0.093000174
906,2024-10-21T12:20:50.860Z,1,3024,801,838173,289.762000084,0.148999929
907,2024-10-21T12:20:50.917Z,1,2866,985,838174,289.819000006,0.056999922
908,2024-10-21T12:20:51.072Z,1,2933,675,838175,289.974000216,0.155000210
909,2024-10-21T12:20:51.475Z,4,3630,30,838176,290.377000332,0.403000116
910,2024-10-21T12:20:51.830Z,0,44801,1401,838177,290.732000351,0.355000019
911,2024-10-21T12:20:51.963Z,25,6988,254,838178,290.865000248,0.132999897
912,2024-10-21T12:20:52.014Z,1,4821,593,838179,290.916000366,0.051000118
913,2024-10-21T12:20:52.038Z,1,1959,119,838180,290.940000296,0.023999929
914,2024-10-21T12:20:52.065Z,9,3849,107,838181,290.967000008,0.026999712
915,2024-10-21T12:20:52.167Z,0,2567,49,838182,291.069000244,0.102000237
916,2024-10-21T12:20:52.611Z,1,2271,767,838183,291.513000250,0.444000006
917,2024-10-21T12:20:52.866Z,1,4889,703,838184,291.768000126,0.254999876
918,2024-10-21T12:20:52.867Z,1,4079,509,838185,291.769000292,0.001000166
919,2024-10-21T12:20:53.101Z,4,3991,700,838186,292.003000021,0.233999729
920,2024-10-21T12:20:53.315Z,1,1137,132,838187,292.217000246,0.214000225
921,2024-10-21T12:20:53.321Z,0,519,28,838188,292.223000050,0.005999804
922,2024-10-21T12:20:53.563Z,4,3734,810,838189,292.465000153,0.242000103
923,2024-10-21T12:20:53.563Z,1,2714,572,838190,292.465000153,0.000000000
924,2024-10-21T12:20:53.812Z,1,2430,584,838191,292.714000225,0.249000072
925,2024-10-21T12:20:53.861Z,0,732,63,838192,292.763000011,0.048999786
926,2024-10-21T12:20:53.862Z,1,4102,813,838193,292.764000416,0.001000404
927,2024-10-21T12:20:54.111Z,1,1868,503,838194,293.013000250,0.248999834
928,2024-10-21T12:20:54.321Z,1,2150,732,838195,293.223000050,0.209999800
929,2024-10-21T12:20:54.336Z,0,1621,22,838196,293.238000154,0.015000105
930,2024-10-21T12:20:54.569Z,1,3890,657,838197,293.471000195,0.233000040
931,2024-10-21T12:20:54.726Z,9,3347,98,838198,293.628000259,0.157000065
932,2024-10-21T12:20:54.763Z,1,810,104,838199,293.665000200,0.036999941
933,2024-10-21T12:20:54.978Z,1,1806,444,838200,293.880000114,0.214999914
934,2024-10-21T12:20:54.979Z,1,1762,453,838201,293.881000280,0.001000166
935,2024-10-21T12:20:55.111Z,4,2443,14,838202,294.013000250,0.131999969
936,2024-10-21T12:20:55.414Z,1,3460,703,838203,294.316000223,0.302999973
937,2024-10-21T12:20:55.513Z,1,2806,834,838204,294.415000200,0.098999977
938,2024-10-21T12:20:55.958Z,1,3081,601,838205,294.860000372,0.445000172
939,2024-10-21T12:20:56.260Z,1,1837,32,838206,295.162000179,0.301999807
940,2024-10-21T12:20:56.414Z,1,3083,671,838207,295.316000223,0.154000044
941,2024-10-21T12:20:56.509Z,1,921,37,838208,295.411000013,0.094999790
942,2024-10-21T12:20:56.541Z,1,3595,614,838209,295.443000078,0.032000065
943,2024-10-21T12:20:56.662Z,0,904,395,838210,295.564000368,0.121000290
944,2024-10-21T12:20:56.761Z,529,35932,46,838211,295.663000107,0.098999739
945,2024-10-21T12:20:56.761Z,4,1686,47,838212,295.663000107,0.000000000
946,2024-10-21T12:20:57.041Z,441,33690,45,838213,295.943000078,0.279999971
947,2024-10-21T12:20:57.128Z,49,11368,75,838214,296.030000210,0.087000132
948,2024-10-21T12:20:57.225Z,1,2431,519,838215,296.127000093,0.096999884
949,2024-10-21T12:20:57.310Z,25,7668,150,838216,296.212000370,0.085000277
950,2024-10-21T12:20:57.460Z,1,2875,601,838217,296.362000227,0.149999857
951,2024-10-21T12:20:57.511Z,9,4908,67,838218,296.413000345,0.051000118
952,2024-10-21T12:20:57.561Z,1,2511,655,838219,296.463000059,0.049999714
953,2024-10-21T12:20:57.664Z,1,3413,731,838220,296.566000223,0.103000164
954,2024-10-21T12:20:57.810Z,4,5580,165,838221,296.712000132,0.145999908
955,2024-10-21T12:20:57.959Z,0,145,29,838222,296.861000299,0.149000168
956,2024-10-21T12:20:58.105Z,1,3307,628,838223,297.007000208,0.145999908
957,2024-10-21T12:20:58.121Z,400,31512,78,838224,297.023000240,0.016000032
958,2024-10-21T12:20:58.414Z,0,3568,432,838225,297.316000223,0.292999983
959,2024-10-21T12:20:58.665Z,0,146,22,838226,297.567000151,0.250999928
960,2024-10-21T12:20:58.790Z,1,1139,111,838227,297.692000389,0.125000238
961,2024-10-21T12:20:58.834Z,1,2082,562,838228,297.736000061,0.043999672
962,2024-10-21T12:20:59.040Z,9,3851,119,838229,297.942000151,0.206000090
963,2024-10-21T12:20:59.218Z,1,4737,799,838230,298.120000124,0.177999973
964,2024-10-21T12:20:59.219Z,1,2598,752,838231,298.121000290,0.001000166
965,2024-10-21T12:20:59.240Z,441,33722,44,838232,298.142000198,0.020999908
966,2024-10-21T12:20:59.331Z,1,2580,741,838233,298.233000278,0.091000080
967,2024-10-21T12:20:59.477Z,1,3150,636,838234,298.379000187,0.145999908
968,2024-10-21T12:20:59.611Z,1,890,76,838235,298.513000250,0.134000063
969,2024-10-21T12:21:00.013Z,1,1167,76,838236,298.915000200,0.401999950
970,2024-10-21T12:21:00.072Z,1,2137,709,838237,298.974000216,0.059000015
971,2024-10-21T12:21:00.262Z,16,4574,154,838238,299.164000273,0.190000057
972,2024-10-21T12:21:00.271Z,1,7548,679,838239,299.173000336,0.009000063
973,2024-10-21T12:21:00.461Z,1,1086,104,838240,299.363000154,0.189999819
974,2024-10-21T12:21:00.518Z,0,742,79,838241,299.420000315,0.057000160
975,2024-10-21T12:21:00.726Z,1,3382,738,838242,299.628000259,0.207999945
976,2024-10-21T12:21:00.975Z,1,2389,623,838243,299.877000332,0.249000072
977,2024-10-21T12:21:01.074Z,529,35932,41,838244,299.976000071,0.098999739
978,2024-10-21T12:21:01.591Z,0,3985,76,838245,300.493000269,0.517000198
979,2024-10-21T12:21:01.736Z,0,802,89,838246,300.638000250,0.144999981
980,2024-10-21T12:21:01.771Z,1,2480,607,838247,300.673000336,0.035000086
981,2024-10-21T12:21:02.021Z,1,1999,483,838248,300.923000097,0.249999762
982,2024-10-21T12:21:02.042Z,0,535,68,838249,300.944000006,0.020999908
983,2024-10-21T12:21:02.266Z,4,3803,80,838250,301.167999983,0.223999977
984,2024-10-21T12:21:02.291Z,1,2308,592,838251,301.193000317,0.025000334
985,2024-10-21T12:21:02.460Z,1,2094,647,838252,301.362000227,0.168999910
986,2024-10-21T12:21:03.341Z,0,177,601,838253,302.243000031,0.880999804
987,2024-10-21T12:21:03.477Z,1,3488,650,838254,302.379000187,0.136000156
988,2024-10-21T12:21:03.510Z,49,11197,368,838255,302.412000418,0.033000231
989,2024-10-21T12:21:03.590Z,1,2459,505,838256,302.492000341,0.079999924
990,2024-10-21T12:21:03.611Z,529,35932,35,838257,302.513000250,0.020999908
991,2024-10-21T12:21:03.856Z,529,35932,39,838258,302.758000135,0.244999886
992,2024-10-21T12:21:04.022Z,1,386,514,838259,302.924000263,0.166000128
993,2024-10-21T12:21:04.093Z,1,1936,677,838260,302.995000124,0.070999861
994,2024-10-21T12:21:04.609Z,1,921,37,838261,303.511000156,0.516000032
995,2024-10-21T12:21:04.832Z,1,4200,678,838262,303.734000206,0.223000050
996,2024-10-21T12:21:04.856Z,1,2229,746,838263,303.758000135,0.023999929
997,2024-10-21T12:21:04.860Z,1,3526,573,838264,303.762000084,0.003999949
998,2024-10-21T12:21:05.012Z,9,4908,69,838265,303.914000273,0.152000189
999,2024-10-21T12:21:05.023Z,1,3230,609,838266,303.925000191,0.010999918
1000,2024-10-21T12:21:05.332Z,1,2391,795,838267,304.234000206,0.309000015
1001,2024-10-21T12:21:05.353Z,441,32617,51,838268,304.255000114,0.020999908
1002,2024-10-21T12:21:05.365Z,1,1139,81,838269,304.267000198,0.012000084
1003,2024-10-21T12:21:05.479Z,1,3254,713,838270,304.381000280,0.114000082
1004,2024-10-21T12:21:05.542Z,1,2045,673,838271,304.444000244,0.062999964
1005,2024-10-21T12:21:05.542Z,1,1951,540,838272,304.444000244,0.000000000
1006,2024-10-21T12:21:05.861Z,1,1139,110,838273,304.763000011,0.318999767
1007,2024-10-21T12:21:05.871Z,0,173,15,838274,304.773000240,0.010000229
1008,2024-10-21T12:21:06.109Z,1,386,513,838275,305.011000156,0.237999916
1009,2024-10-21T12:21:06.364Z,0,640,110,838276,305.266000271,0.255000114
1010,2024-10-21T12:21:06.459Z,0,754,25,838277,305.361000299,0.095000029
1011,2024-10-21T12:21:06.710Z,1,1107,104,838278,305.612000227,0.250999928
1012,2024-10-21T12:21:07.310Z,1,1139,107,838279,306.212000370,0.600000143
1013,2024-10-21T12:21:07.513Z,9,3849,131,838280,306.415000200,0.202999830
1014,2024-10-21T12:21:07.527Z,0,136,14,838281,306.429000139,0.013999939
1015,2024-10-21T12:21:07.816Z,1,1798,657,838282,306.718000174,0.289000034
1016,2024-10-21T12:21:08.566Z,1,5170,685,838283,307.468000412,0.750000238
1017,2024-10-21T12:21:08.761Z,0,489,45,838284,307.663000107,0.194999695
1018,2024-10-21T12:21:09.521Z,0,745,464,838285,308.423000097,0.759999990
1019,2024-10-21T12:21:09.842Z,1,3729,832,838286,308.743999958,0.320999861
1020,2024-10-21T12:21:10.093Z,1,4307,687,838287,308.995000124,0.251000166
1021,2024-10-21T12:21:10.340Z,1,2583,769,838288,309.242000103,0.246999979
1022,2024-10-21T12:21:10.361Z,1,1612,77,838289,309.263000011,0.020999908
1023,2024-10-21T12:21:10.522Z,1,1998,574,838290,309.424000025,0.161000013
1024,2024-10-21T12:21:11.012Z,1,4612,764,838291,309.914000273,0.490000248
1025,2024-10-21T12:21:11.261Z,1,2009,519,838292,310.163000107,0.248999834
1026,2024-10-21T12:21:11.272Z,1,5359,613,838293,310.174000263,0.011000156
1027,2024-10-21T12:21:11.368Z,1,2191,602,838294,310.270000219,0.095999956
1028,2024-10-21T12:21:11.390Z,0,974,90,838295,310.292000294,0.022000074
1029,2024-10-21T12:21:11.578Z,0,474,39,838296,310.480000019,0.187999725
1030,2024-10-21T12:21:11.619Z,1,1882,553,838297,310.521000147,0.041000128
1031,2024-10-21T12:21:11.725Z,1,1959,609,838298,310.627000093,0.105999947
1032,2024-10-21T12:21:12.324Z,1,386,13368,838299,311.226000071,0.598999977
1033,2024-10-21T12:21:12.345Z,1,4998,848,838300,311.247000217,0.021000147
1034,2024-10-21T12:21:12.420Z,1,2280,581,838301,311.322000265,0.075000048
1035,2024-10-21T12:21:13.061Z,1,1107,97,838302,311.963000059,0.640999794
1036,2024-10-21T12:21:13.275Z,1,1841,540,838303,312.177000284,0.214000225
1037,2024-10-21T12:21:13.521Z,1,1974,652,838304,312.423000097,0.245999813
1038,2024-10-21T12:21:13.561Z,1,7803,836,838305,312.463000059,0.039999962
1039,2024-10-21T12:21:13.725Z,1,386,846,838306,312.627000093,0.164000034
1040,2024-10-21T12:21:13.810Z,1,418,250,838307,312.712000132,0.085000038
1041,2024-10-21T12:21:13.858Z,1,386,1306,838308,312.759999990,0.047999859
1042,2024-10-21T12:21:14.013Z,1,2034,686,838309,312.915000200,0.155000210
1043,2024-10-21T12:21:14.225Z,1,2807,632,838310,313.127000093,0.211999893
1044,2024-10-21T12:21:14.370Z,1,20043,593,838311,313.272000074,0.144999981
1045,2024-10-21T12:21:14.761Z,1,1172,64,838312,313.663000107,0.391000032
1046,2024-10-21T12:21:14.862Z,1,386,143,838313,313.764000416,0.101000309
1047,2024-10-21T12:21:14.988Z,9,7248,342,838314,313.890000105,0.125999689
1048,2024-10-21T12:21:15.274Z,1,386,1057,838315,314.176000118,0.286000013
1049,2024-10-21T12:21:15.274Z,1,2250,644,838316,314.176000118,0.000000000
1050,2024-10-21T12:21:15.606Z,9,4347,377,838317,314.508000374,0.332000256
1051,2024-10-21T12:21:16.021Z,1,3956,676,838318,314.923000097,0.414999723
1052,2024-10-21T12:21:16.325Z,1,1172,77,838319,315.227000237,0.304000139
1053,2024-10-21T12:21:16.341Z,0,4825,493,838320,315.243000031,0.015999794
1054,2024-10-21T12:21:16.591Z,1,2839,752,838321,315.493000269,0.250000238
